id,target
0,[0.20770320296287537]
2,[0.9056543111801147]
3,[0.8681627511978149]
9,[0.8805962800979614]
11,[0.9613540172576904]
12,[0.8607057332992554]
21,[0.11691850423812866]
22,[0.10340812802314758]
27,[0.08564355969429016]
29,[0.08761173486709595]
30,[0.10117903351783752]
35,[0.11376991868019104]
42,[0.08590075373649597]
43,[0.10823079943656921]
45,[0.10722696781158447]
46,[0.6918449997901917]
47,[0.18022066354751587]
51,[0.2598179280757904]
58,[0.1762939989566803]
60,[0.13583561778068542]
69,[0.12756875157356262]
70,[0.1386258602142334]
72,[0.10283896327018738]
75,[0.7115014791488647]
84,[0.1877591907978058]
87,[0.37864601612091064]
88,[0.5350194573402405]
90,[0.7785071730613708]
94,[0.12789219617843628]
99,[0.9204133749008179]
101,[0.1136871874332428]
103,[0.11140140891075134]
106,[0.8754118084907532]
108,[0.12158790230751038]
111,[0.9067471623420715]
115,[0.14463025331497192]
116,[0.27548298239707947]
122,[0.18603792786598206]
123,[0.1207316517829895]
124,[0.9057339429855347]
125,[0.14147692918777466]
127,[0.9763264060020447]
140,[0.2663232088088989]
142,[0.2486480176448822]
147,[0.22741448879241943]
148,[0.2763015329837799]
150,[0.20383423566818237]
152,[0.41295602917671204]
154,[0.9038213491439819]
155,[0.40838608145713806]
166,[0.0998607873916626]
167,[0.21548447012901306]
169,[0.889672577381134]
177,[0.41295602917671204]
179,[0.27100449800491333]
181,[0.2783869802951813]
186,[0.16387036442756653]
188,[0.23115214705467224]
189,[0.10487973690032959]
192,[0.27322548627853394]
200,[0.849410891532898]
202,[0.6518228650093079]
206,[0.7808047533035278]
207,[0.9361810684204102]
214,[0.9162977933883667]
217,[0.7992442846298218]
223,[0.773435115814209]
224,[0.8214050531387329]
227,[0.932148814201355]
228,[0.8859914541244507]
230,[0.2338169515132904]
233,[0.4511180818080902]
234,[0.9605321884155273]
236,[0.9572234749794006]
239,[0.9492944478988647]
250,[0.9881664514541626]
255,[0.30088186264038086]
257,[0.16965430974960327]
259,[0.13110512495040894]
275,[0.8829826712608337]
278,[0.2140163779258728]
282,[0.2516120374202728]
284,[0.261162132024765]
286,[0.5207725763320923]
288,[0.989578902721405]
292,[0.8166207075119019]
295,[0.1896335780620575]
300,[0.3884442448616028]
304,[0.8549171090126038]
305,[0.8693787455558777]
306,[0.24812352657318115]
308,[0.15256941318511963]
311,[0.08061221241950989]
317,[0.22187915444374084]
319,[0.07785418629646301]
323,[0.13663321733474731]
324,[0.1257389485836029]
325,[0.18348020315170288]
326,[0.4980792701244354]
333,[0.11018252372741699]
339,[0.14894360303878784]
342,[0.12238627672195435]
343,[0.7413545846939087]
350,[0.19630837440490723]
351,[0.5296168923377991]
357,[0.26172810792922974]
359,[0.7272518873214722]
362,[0.16324636340141296]
366,[0.2443939745426178]
367,[0.7634100914001465]
369,[0.7034082412719727]
373,[0.14668738842010498]
374,[0.619623064994812]
376,[0.1030670702457428]
377,[0.7416295409202576]
378,[0.7567074298858643]
379,[0.6262690424919128]
382,[0.8652641177177429]
385,[0.8557630777359009]
387,[0.22954675555229187]
388,[0.8312092423439026]
391,[0.7841519117355347]
392,[0.7893261313438416]
395,[0.7188593745231628]
399,[0.12156778573989868]
400,[0.0920242965221405]
403,[0.13377323746681213]
405,[0.21968570351600647]
408,[0.10669213533401489]
411,[0.08688518404960632]
414,[0.1068834662437439]
416,[0.12233462929725647]
417,[0.8850746154785156]
422,[0.5336318612098694]
425,[0.0870625376701355]
428,[0.1781332790851593]
430,[0.1591874659061432]
431,[0.10810714960098267]
433,[0.19730085134506226]
434,[0.13196751475334167]
439,[0.12076768279075623]
441,[0.1352182924747467]
449,[0.1348409354686737]
458,[0.16286838054656982]
460,[0.45653825998306274]
464,[0.11735224723815918]
473,[0.9213994741439819]
488,[0.13317644596099854]
491,[0.07072234153747559]
494,[0.7884756326675415]
497,[0.095857173204422]
500,[0.2396521270275116]
505,[0.15569552779197693]
507,[0.1970374882221222]
508,[0.21405014395713806]
510,[0.1855873465538025]
511,[0.16245591640472412]
515,[0.2798565626144409]
525,[0.19227677583694458]
529,[0.1671050786972046]
532,[0.16260403394699097]
534,[0.16834810376167297]
537,[0.8225866556167603]
539,[0.23825904726982117]
541,[0.1714094877243042]
545,[0.19359692931175232]
547,[0.8755443096160889]
548,[0.9963865280151367]
549,[0.9757434129714966]
553,[0.9967902898788452]
554,[0.3507388234138489]
555,[0.8658943176269531]
557,[0.8518452644348145]
562,[0.17217978835105896]
566,[0.9069627523422241]
572,[0.6093757152557373]
573,[0.35298383235931396]
582,[0.8542293310165405]
586,[0.362103134393692]
587,[0.2501143217086792]
590,[0.9928606748580933]
591,[0.5129573345184326]
593,[0.4429958462715149]
595,[0.8323241472244263]
596,[0.7135069966316223]
597,[0.45199671387672424]
601,[0.0926571786403656]
602,[0.20979708433151245]
605,[0.9069358110427856]
610,[0.8483432531356812]
616,[0.08640462160110474]
618,[0.8384474515914917]
620,[0.7982473373413086]
626,[0.7003989815711975]
627,[0.05240938067436218]
629,[0.06565821170806885]
632,[0.8097506761550903]
634,[0.8984788656234741]
639,[0.17329028248786926]
645,[0.9805785417556763]
647,[0.8648791313171387]
648,[0.17393404245376587]
650,[0.24846217036247253]
663,[0.09325039386749268]
666,[0.30297935009002686]
668,[0.22306489944458008]
670,[0.1504283845424652]
673,[0.7427077889442444]
676,[0.15256330370903015]
678,[0.108818918466568]
692,[0.29379138350486755]
693,[0.7044415473937988]
694,[0.10744714736938477]
695,[0.11117866635322571]
696,[0.960192084312439]
698,[0.520266056060791]
701,[0.1764378845691681]
703,[0.9473646283149719]
707,[0.9502435922622681]
708,[0.9513157606124878]
711,[0.9511218070983887]
715,[0.9485233426094055]
718,[0.15882274508476257]
722,[0.10524362325668335]
723,[0.15996482968330383]
733,[0.9420573711395264]
741,[0.26997435092926025]
742,[0.9554699659347534]
743,[0.6115425825119019]
747,[0.22047340869903564]
749,[0.17752864956855774]
750,[0.14281275868415833]
756,[0.1978088915348053]
757,[0.24058237671852112]
760,[0.12345647811889648]
764,[0.09598878026008606]
765,[0.21436098217964172]
766,[0.45504745841026306]
768,[0.4190988838672638]
769,[0.13396313786506653]
771,[0.1528390347957611]
772,[0.36409837007522583]
776,[0.1349656879901886]
778,[0.2823340892791748]
780,[0.3362230062484741]
785,[0.11803066730499268]
789,[0.696609377861023]
792,[0.16111844778060913]
793,[0.15779361128807068]
811,[0.9054005146026611]
813,[0.09924182295799255]
816,[0.07957366108894348]
821,[0.21345287561416626]
824,[0.18715429306030273]
825,[0.136098712682724]
827,[0.8056043982505798]
830,[0.5828418135643005]
831,[0.4779818058013916]
839,[0.6788380146026611]
844,[0.16370543837547302]
847,[0.5081366300582886]
850,[0.6385865807533264]
854,[0.6844802498817444]
855,[0.24166885018348694]
858,[0.4434671700000763]
861,[0.616116464138031]
862,[0.3077588677406311]
865,[0.41142740845680237]
869,[0.6326717138290405]
879,[0.8704894185066223]
880,[0.7898576259613037]
887,[0.4911128580570221]
889,[0.18355393409729004]
897,[0.26812872290611267]
900,[0.14818161725997925]
901,[0.14742013812065125]
904,[0.2820921242237091]
908,[0.3654043674468994]
909,[0.23075485229492188]
910,[0.1840115785598755]
913,[0.6076164245605469]
914,[0.7943474054336548]
917,[0.16910669207572937]
918,[0.19629624485969543]
920,[0.46336016058921814]
922,[0.13615375757217407]
924,[0.13615375757217407]
925,[0.14229688048362732]
927,[0.7350766658782959]
933,[0.08256262540817261]
937,[0.11524263024330139]
943,[0.07230222225189209]
949,[0.1498071551322937]
950,[0.8972654342651367]
954,[0.10847878456115723]
966,[0.07405140995979309]
967,[0.1272585690021515]
969,[0.1297624111175537]
970,[0.9064208269119263]
973,[0.0970558226108551]
975,[0.1617586314678192]
980,[0.06139582395553589]
988,[0.06833961606025696]
989,[0.1407608985900879]
995,[0.14773935079574585]
1000,[0.10147398710250854]
1003,[0.13209110498428345]
1007,[0.10701358318328857]
1011,[0.6142234802246094]
1012,[0.19141343235969543]
1013,[0.9249266386032104]
1014,[0.09973615407943726]
1016,[0.9747179746627808]
1019,[0.12066403031349182]
1025,[0.13115796446800232]
1027,[0.6690548658370972]
1028,[0.7479033470153809]
1030,[0.23174583911895752]
1033,[0.9515900611877441]
1034,[0.11810502409934998]
1039,[0.14160510897636414]
1046,[0.10653221607208252]
1047,[0.1908763349056244]
1053,[0.18466797471046448]
1055,[0.20406180620193481]
1056,[0.2405596375465393]
1059,[0.19063889980316162]
1060,[0.10127007961273193]
1063,[0.2780775725841522]
1064,[0.17749181389808655]
1068,[0.11829575896263123]
1076,[0.15443915128707886]
1086,[0.05350261926651001]
1087,[0.08917045593261719]
1089,[0.08331018686294556]
1092,[0.112752765417099]
1095,[0.18622508645057678]
1096,[0.07163432240486145]
1097,[0.12294325232505798]
1100,[0.07577157020568848]
1101,[0.07205161452293396]
1107,[0.14964556694030762]
1108,[0.07865014672279358]
1111,[0.08749198913574219]
1115,[0.5997945666313171]
1116,[0.17532134056091309]
1121,[0.1605645716190338]
1125,[0.1372547447681427]
1127,[0.1195230782032013]
1131,[0.33749639987945557]
1133,[0.6855688691139221]
1135,[0.18868058919906616]
1137,[0.26527899503707886]
1140,[0.08222189545631409]
1144,[0.11759483814239502]
1147,[0.478861004114151]
1148,[0.8598201274871826]
1150,[0.20047467947006226]
1158,[0.20246320962905884]
1159,[0.08645519614219666]
1161,[0.14719033241271973]
1163,[0.3991422653198242]
1165,[0.1363762617111206]
1169,[0.15031275153160095]
1171,[0.6733587980270386]
1172,[0.29375267028808594]
1176,[0.46413540840148926]
1180,[0.08198541402816772]
1184,[0.06957411766052246]
1186,[0.11844086647033691]
1187,[0.10674494504928589]
1192,[0.09948718547821045]
1193,[0.20051512122154236]
1194,[0.135329931974411]
1197,[0.2636803388595581]
1200,[0.09157600998878479]
1205,[0.11444151401519775]
1210,[0.11907926201820374]
1216,[0.07521754503250122]
1220,[0.07027101516723633]
1231,[0.09484702348709106]
1233,[0.17969846725463867]
1246,[0.21080538630485535]
1247,[0.11874943971633911]
1248,[0.07082074880599976]
1255,[0.168745219707489]
1256,[0.13691461086273193]
1257,[0.1718660593032837]
1258,[0.16472020745277405]
1260,[0.19734996557235718]
1261,[0.10561475157737732]
1265,[0.5663179755210876]
1266,[0.11086806654930115]
1268,[0.17157229781150818]
1274,[0.1726835072040558]
1281,[0.15219753980636597]
1285,[0.17710241675376892]
1286,[0.1304842233657837]
1291,[0.09943658113479614]
1292,[0.10092112421989441]
1295,[0.07287323474884033]
1299,[0.0921284556388855]
1306,[0.11874046921730042]
1310,[0.10177329182624817]
1311,[0.06732103228569031]
1313,[0.11984691023826599]
1314,[0.1318472921848297]
1322,[0.10407763719558716]
1323,[0.1265508532524109]
1325,[0.11525028944015503]
1329,[0.09337866306304932]
1330,[0.10180732607841492]
1333,[0.16422218084335327]
1336,[0.12389504909515381]
1339,[0.07815667986869812]
1342,[0.06193855404853821]
1344,[0.14237207174301147]
1355,[0.9912752509117126]
1357,[0.0853259265422821]
1358,[0.1198972761631012]
1359,[0.10900852084159851]
1364,[0.10816299915313721]
1366,[0.08443060517311096]
1367,[0.08542752265930176]
1370,[0.6967960596084595]
1373,[0.19636651873588562]
1377,[0.11201408505439758]
1386,[0.15617871284484863]
1387,[0.14367127418518066]
1392,[0.15923663973808289]
1397,[0.11651456356048584]
1398,[0.27821066975593567]
1400,[0.1516372263431549]
1403,[0.1277189552783966]
1404,[0.1619040071964264]
1410,[0.15604865550994873]
1413,[0.3114475607872009]
1416,[0.17421439290046692]
1417,[0.09808817505836487]
1423,[0.1683693528175354]
1424,[0.16696316003799438]
1426,[0.22280985116958618]
1427,[0.12677001953125]
1428,[0.25361859798431396]
1430,[0.12878257036209106]
1434,[0.07599711418151855]
1435,[0.15198677778244019]
1437,[0.17247191071510315]
1438,[0.11594048142433167]
1442,[0.10265016555786133]
1446,[0.15089383721351624]
1451,[0.16278451681137085]
1457,[0.226383775472641]
1461,[0.20786520838737488]
1462,[0.11895230412483215]
1465,[0.09421414136886597]
1468,[0.1053839921951294]
1469,[0.09800231456756592]
1471,[0.14299532771110535]
1476,[0.1055574119091034]
1478,[0.11048147082328796]
1481,[0.12230190634727478]
1489,[0.1409856677055359]
1490,[0.1035967767238617]
1492,[0.6587022542953491]
1496,[0.1435261368751526]
1512,[0.8320502042770386]
1516,[0.27847591042518616]
1517,[0.18251076340675354]
1528,[0.13042956590652466]
1529,[0.9620893001556396]
1536,[0.99201899766922]
1539,[0.13088014721870422]
1541,[0.15082427859306335]
1542,[0.07755252718925476]
1548,[0.9595441222190857]
1550,[0.825453519821167]
1551,[0.15047499537467957]
1552,[0.9133894443511963]
1557,[0.986752986907959]
1563,[0.6988844275474548]
1564,[0.121681809425354]
1565,[0.08163255453109741]
1566,[0.9974058866500854]
1571,[0.14660677313804626]
1578,[0.12114900350570679]
1581,[0.187048077583313]
1583,[0.6863144636154175]
1584,[0.16920283436775208]
1586,[0.9744970798492432]
1589,[0.9757746458053589]
1592,[0.9380888938903809]
1598,[0.9796051979064941]
1606,[0.13654524087905884]
1612,[0.12278008460998535]
1616,[0.3578982949256897]
1620,[0.08748850226402283]
1624,[0.11040031909942627]
1629,[0.9947854280471802]
1630,[0.39392924308776855]
1635,[0.9948973059654236]
1640,[0.9895689487457275]
1641,[0.9930363893508911]
1642,[0.9873443245887756]
1651,[0.9855019450187683]
1655,[0.9952321648597717]
1656,[0.9918104410171509]
1659,[0.9916843175888062]
1664,[0.9924561381340027]
1667,[0.9871326684951782]
1668,[0.9813326597213745]
1674,[0.9075210094451904]
1678,[0.5808380842208862]
1680,[0.8908336162567139]
1681,[0.7209221720695496]
1682,[0.940102219581604]
1685,[0.8267613649368286]
1695,[0.9306979775428772]
1696,[0.8716057538986206]
1697,[0.6845808029174805]
1704,[0.7990241050720215]
1708,[0.2728659510612488]
1711,[0.9241394996643066]
1713,[0.8594963550567627]
1714,[0.25567641854286194]
1717,[0.8231109976768494]
1729,[0.5542926788330078]
1730,[0.1934722661972046]
1732,[0.787439227104187]
1734,[0.8342213034629822]
1736,[0.7157145738601685]
1738,[0.38325145840644836]
1742,[0.2594565749168396]
1743,[0.752809464931488]
1746,[0.23881134390830994]
1748,[0.7879287600517273]
1749,[0.7188119292259216]
1751,[0.48753926157951355]
1758,[0.4299418032169342]
1764,[0.9657500386238098]
1765,[0.45371702313423157]
1777,[0.8553125858306885]
1778,[0.13641062378883362]
1781,[0.7231341004371643]
1782,[0.5924058556556702]
1783,[0.48645979166030884]
1785,[0.658367931842804]
1788,[0.8265619277954102]
1793,[0.9892076253890991]
1794,[0.8898026347160339]
1795,[0.9718239307403564]
1797,[0.5865990519523621]
1800,[0.8579326272010803]
1801,[0.767151951789856]
1805,[0.9542028903961182]
1806,[0.7546741962432861]
1819,[0.9015775918960571]
1820,[0.6922578811645508]
1825,[0.6542870402336121]
1828,[0.17416226863861084]
1829,[0.19594013690948486]
1830,[0.36678481101989746]
1839,[0.9263545274734497]
1843,[0.1847771406173706]
1844,[0.2303543984889984]
1846,[0.2335645854473114]
1849,[0.10295513272285461]
1850,[0.1583600640296936]
1854,[0.21098929643630981]
1855,[0.0993439257144928]
1858,[0.14921757578849792]
1859,[0.11941295862197876]
1862,[0.23655301332473755]
1867,[0.13547968864440918]
1868,[0.12769758701324463]
1871,[0.8470667004585266]
1872,[0.1729849874973297]
1874,[0.9284067153930664]
1876,[0.12578779458999634]
1879,[0.14163294434547424]
1884,[0.12644195556640625]
1891,[0.23631030321121216]
1894,[0.1604475975036621]
1896,[0.19496825337409973]
1902,[0.10440704226493835]
1903,[0.13610827922821045]
1904,[0.14694738388061523]
1906,[0.8979148864746094]
1907,[0.3284664750099182]
1912,[0.11483901739120483]
1913,[0.15295624732971191]
1923,[0.7282323241233826]
1926,[0.36219123005867004]
1928,[0.11358204483985901]
1930,[0.8143657445907593]
1931,[0.7982003688812256]
1934,[0.3322816491127014]
1936,[0.8395248055458069]
1944,[0.8787885904312134]
1946,[0.27210932970046997]
1947,[0.45371702313423157]
1958,[0.3108828067779541]
1964,[0.8958253264427185]
1970,[0.8414301872253418]
1974,[0.21099942922592163]
1977,[0.9650355577468872]
1978,[0.495343953371048]
1982,[0.9751154184341431]
1984,[0.9369491338729858]
1988,[0.5531497001647949]
1993,[0.8883347511291504]
1997,[0.739043653011322]
1998,[0.9751154184341431]
2002,[0.3013506233692169]
2004,[0.8952569365501404]
2005,[0.9057689905166626]
2008,[0.17929384112358093]
2011,[0.9194713234901428]
2013,[0.3293125033378601]
2018,[0.8655201196670532]
2021,[0.9302886724472046]
2025,[0.21218916773796082]
2029,[0.9686000347137451]
2030,[0.933538556098938]
2032,[0.5264225602149963]
2037,[0.8711497783660889]
2041,[0.33675310015678406]
2044,[0.8737587928771973]
2048,[0.8810863494873047]
2052,[0.9119901657104492]
2053,[0.9783132076263428]
2054,[0.9904553294181824]
2062,[0.10760229825973511]
2065,[0.5199451446533203]
2066,[0.2986293435096741]
2072,[0.7980890274047852]
2079,[0.9025542736053467]
2080,[0.16686710715293884]
2085,[0.2839078903198242]
2088,[0.8843696713447571]
2090,[0.8744357824325562]
2092,[0.24133512377738953]
2093,[0.5821828842163086]
2101,[0.2189328372478485]
2104,[0.07078424096107483]
2105,[0.47333192825317383]
2106,[0.3833019733428955]
2107,[0.1850406527519226]
2120,[0.4892331063747406]
2124,[0.2344893217086792]
2127,[0.12048459053039551]
2130,[0.13009068369865417]
2132,[0.11965280771255493]
2135,[0.10877242684364319]
2137,[0.9265397787094116]
2140,[0.14724811911582947]
2143,[0.25842010974884033]
2147,[0.16382455825805664]
2151,[0.21405693888664246]
2152,[0.8498291969299316]
2155,[0.8526884317398071]
2156,[0.2304951250553131]
2162,[0.24999356269836426]
2165,[0.1311659812927246]
2166,[0.6729520559310913]
2167,[0.18276667594909668]
2168,[0.42542126774787903]
2170,[0.2165999710559845]
2178,[0.9856041669845581]
2180,[0.6141572594642639]
2182,[0.157607764005661]
2184,[0.19657573103904724]
2185,[0.18565604090690613]
2187,[0.20309466123580933]
2196,[0.18127602338790894]
2197,[0.8140296936035156]
2199,[0.10444417595863342]
2200,[0.1524878442287445]
2201,[0.16783061623573303]
2202,[0.2690868377685547]
2206,[0.2125454545021057]
2208,[0.1359400451183319]
2218,[0.7423475980758667]
2223,[0.9027842879295349]
2224,[0.8090032339096069]
2226,[0.3137420415878296]
2228,[0.3654915690422058]
2232,[0.6202726364135742]
2234,[0.9560397863388062]
2243,[0.8839762210845947]
2247,[0.31042540073394775]
2249,[0.3758358061313629]
2252,[0.9535517692565918]
2253,[0.47410380840301514]
2259,[0.12828826904296875]
2261,[0.5548142790794373]
2264,[0.18350815773010254]
2268,[0.16589593887329102]
2269,[0.22955486178398132]
2270,[0.10074031352996826]
2276,[0.7182974815368652]
2283,[0.092315673828125]
2287,[0.868039608001709]
2290,[0.2364829182624817]
2291,[0.1486378312110901]
2293,[0.16454100608825684]
2295,[0.15609443187713623]
2302,[0.4317967891693115]
2305,[0.18517279624938965]
2310,[0.2528055012226105]
2313,[0.6320417523384094]
2316,[0.40114352107048035]
2320,[0.19021669030189514]
2322,[0.1935882866382599]
2323,[0.9811727404594421]
2326,[0.16088077425956726]
2328,[0.28336089849472046]
2331,[0.15140199661254883]
2335,[0.7377178072929382]
2338,[0.4229164719581604]
2343,[0.35641705989837646]
2344,[0.723102331161499]
2345,[0.22698915004730225]
2353,[0.21183642745018005]
2355,[0.15316328406333923]
2357,[0.2985078692436218]
2360,[0.9394450783729553]
2365,[0.2293817400932312]
2369,[0.09637004137039185]
2371,[0.14403587579727173]
2378,[0.2087421417236328]
2380,[0.9452981948852539]
2381,[0.27257904410362244]
2383,[0.940343976020813]
2384,[0.5434677600860596]
2392,[0.17807349562644958]
2393,[0.5341552495956421]
2401,[0.8240741491317749]
2403,[0.15366673469543457]
2404,[0.5088233351707458]
2405,[0.08964371681213379]
2407,[0.15395155549049377]
2411,[0.16285979747772217]
2424,[0.08841210603713989]
2426,[0.15805402398109436]
2431,[0.13217246532440186]
2433,[0.12099799513816833]
2434,[0.0658932626247406]
2436,[0.08554872870445251]
2439,[0.1348550021648407]
2444,[0.212876558303833]
2447,[0.15488514304161072]
2448,[0.23378878831863403]
2449,[0.21979272365570068]
2450,[0.11280328035354614]
2461,[0.9242505431175232]
2469,[0.192475825548172]
2472,[0.10160058736801147]
2473,[0.1781579852104187]
2474,[0.10294690728187561]
2477,[0.14451947808265686]
2481,[0.9572019577026367]
2484,[0.22077316045761108]
2495,[0.23165008425712585]
2503,[0.13512936234474182]
2509,[0.953056812286377]
2511,[0.951805591583252]
2518,[0.9617010354995728]
2522,[0.9341740608215332]
2525,[0.9369373321533203]
2526,[0.269752562046051]
2529,[0.8036255836486816]
2533,[0.314278244972229]
2549,[0.2457251250743866]
2551,[0.1352999210357666]
2558,[0.38093799352645874]
2562,[0.8319061398506165]
2563,[0.32353177666664124]
2567,[0.20797199010849]
2574,[0.9105490446090698]
2577,[0.16423529386520386]
2578,[0.1090427041053772]
2580,[0.28249940276145935]
2581,[0.11453059315681458]
2583,[0.27795475721359253]
2584,[0.1312927007675171]
2586,[0.8454225659370422]
2589,[0.6445415019989014]
2595,[0.12319815158843994]
2596,[0.15816369652748108]
2600,[0.907480001449585]
2601,[0.2026820182800293]
2607,[0.23342284560203552]
2610,[0.11085006594657898]
2613,[0.11351141333580017]
2615,[0.1633375585079193]
2618,[0.1279624104499817]
2620,[0.1632261574268341]
2623,[0.9483987092971802]
2626,[0.09752488136291504]
2630,[0.1570644974708557]
2634,[0.9616455435752869]
2636,[0.9545220732688904]
2638,[0.1471792757511139]
2639,[0.9453451633453369]
2646,[0.18692117929458618]
2650,[0.9278126955032349]
2652,[0.25417447090148926]
2653,[0.20273306965827942]
2654,[0.08033671975135803]
2662,[0.08162063360214233]
2665,[0.05681562423706055]
2669,[0.13033854961395264]
2674,[0.06322380900382996]
2678,[0.14708304405212402]
2681,[0.06846505403518677]
2685,[0.08860686421394348]
2686,[0.08985322713851929]
2690,[0.08108541369438171]
2697,[0.06134352087974548]
2699,[0.09637615084648132]
2704,[0.35384899377822876]
2705,[0.16218090057373047]
2710,[0.12187087535858154]
2712,[0.17161738872528076]
2713,[0.16109305620193481]
2716,[0.13915085792541504]
2717,[0.17012745141983032]
2718,[0.10404875874519348]
2721,[0.11298054456710815]
2722,[0.12145066261291504]
2735,[0.1394059658050537]
2737,[0.09744033217430115]
2738,[0.09878936409950256]
2742,[0.13273689150810242]
2745,[0.12003597617149353]
2746,[0.2507721483707428]
2747,[0.10224956274032593]
2750,[0.17617547512054443]
2751,[0.09160652756690979]
2754,[0.1677899956703186]
2762,[0.9447575807571411]
2764,[0.08748990297317505]
2772,[0.1037834882736206]
2775,[0.10449185967445374]
2776,[0.154963880777359]
2779,[0.10052773356437683]
2781,[0.08515846729278564]
2789,[0.14056941866874695]
2790,[0.18938499689102173]
2791,[0.1708037555217743]
2798,[0.15857845544815063]
2800,[0.12138819694519043]
2804,[0.8548651933670044]
2805,[0.1633491814136505]
2806,[0.1934678852558136]
2809,[0.6161796450614929]
2810,[0.522969126701355]
2812,[0.2587042450904846]
2814,[0.9675692319869995]
2816,[0.6592856645584106]
2818,[0.5434582233428955]
2823,[0.10652884840965271]
2824,[0.8430778384208679]
2834,[0.9331341981887817]
2837,[0.20667383074760437]
2840,[0.8750532865524292]
2845,[0.9471961259841919]
2847,[0.9800405502319336]
2848,[0.29561007022857666]
2850,[0.480658620595932]
2859,[0.20196425914764404]
2862,[0.1880204677581787]
2868,[0.8494753241539001]
2874,[0.18899023532867432]
2876,[0.14473745226860046]
2892,[0.15018120408058167]
2894,[0.94732666015625]
2897,[0.12266623973846436]
2901,[0.12032496929168701]
2903,[0.152912437915802]
2904,[0.0957387387752533]
2906,[0.13571053743362427]
2914,[0.2352905571460724]
2918,[0.1144985556602478]
2919,[0.12671688199043274]
2923,[0.15765640139579773]
2926,[0.13614216446876526]
2928,[0.16233837604522705]
2930,[0.05623894929885864]
2938,[0.8397161960601807]
2940,[0.24307087063789368]
2949,[0.16048836708068848]
2951,[0.2871399223804474]
2958,[0.10079586505889893]
2961,[0.14061063528060913]
2962,[0.13193291425704956]
2964,[0.5516473650932312]
2966,[0.2325887680053711]
2967,[0.12041705846786499]
2968,[0.19540178775787354]
2972,[0.1655517816543579]
2977,[0.15695366263389587]
2978,[0.15632405877113342]
2979,[0.20389994978904724]
2981,[0.17158740758895874]
2985,[0.4384751617908478]
2986,[0.15881279110908508]
2989,[0.9437666535377502]
2994,[0.049242615699768066]
2996,[0.557797908782959]
2997,[0.072185218334198]
2999,[0.17445725202560425]
3002,[0.1297088861465454]
3007,[0.24664157629013062]
3008,[0.12412962317466736]
3017,[0.25402677059173584]
3020,[0.19774141907691956]
3024,[0.13952681422233582]
3028,[0.14149680733680725]
3031,[0.43374109268188477]
3032,[0.8396568298339844]
3033,[0.11056634783744812]
3035,[0.14464303851127625]
3040,[0.6521627306938171]
3041,[0.4771399199962616]
3046,[0.16373366117477417]
3050,[0.20183995366096497]
3063,[0.2764393091201782]
3065,[0.14479896426200867]
3067,[0.41887831687927246]
3069,[0.42717257142066956]
3076,[0.20559591054916382]
3078,[0.22928988933563232]
3081,[0.6235122084617615]
3087,[0.8005229234695435]
3088,[0.800234854221344]
3094,[0.22654259204864502]
3096,[0.6893861889839172]
3098,[0.32829520106315613]
3103,[0.4100032150745392]
3110,[0.9921284317970276]
3113,[0.9796170592308044]
3121,[0.9812203049659729]
3127,[0.9851651191711426]
3128,[0.975189208984375]
3129,[0.9810725450515747]
3135,[0.9904583692550659]
3143,[0.9193000793457031]
3146,[0.9615403413772583]
3148,[0.9548511505126953]
3149,[0.970704197883606]
3151,[0.9760505557060242]
3156,[0.17275533080101013]
3160,[0.0710761547088623]
3164,[0.2187841534614563]
3169,[0.12870457768440247]
3178,[0.09977594017982483]
3187,[0.23476958274841309]
3194,[0.16093295812606812]
3202,[0.26309633255004883]
3203,[0.11881312727928162]
3204,[0.14995065331459045]
3206,[0.9180212020874023]
3207,[0.1098526120185852]
3208,[0.11039537191390991]
3209,[0.7274540662765503]
3213,[0.12241283059120178]
3214,[0.24524882435798645]
3215,[0.10282576084136963]
3220,[0.12121263146400452]
3223,[0.10447809100151062]
3224,[0.13951170444488525]
3226,[0.1156894862651825]
3228,[0.06872773170471191]
3230,[0.13529616594314575]
3232,[0.1442253589630127]
3233,[0.10184699296951294]
3234,[0.11657220125198364]
3238,[0.10188028216362]
3246,[0.1545499861240387]
3247,[0.910637617111206]
3250,[0.2467072606086731]
3251,[0.31582093238830566]
3254,[0.5913915634155273]
3257,[0.9536585807800293]
3258,[0.6811524033546448]
3261,[0.47052064538002014]
3267,[0.6602272391319275]
3268,[0.4157744348049164]
3269,[0.15927070379257202]
3271,[0.15791532397270203]
3272,[0.1849132776260376]
3273,[0.16283449530601501]
3279,[0.16303837299346924]
3290,[0.33059394359588623]
3291,[0.6174719929695129]
3293,[0.1383366882801056]
3294,[0.24682363867759705]
3298,[0.15764999389648438]
3305,[0.943473219871521]
3306,[0.5783430337905884]
3307,[0.11140656471252441]
3310,[0.14799797534942627]
3313,[0.18629047274589539]
3314,[0.16927564144134521]
3315,[0.09151434898376465]
3316,[0.15036335587501526]
3321,[0.9954075217247009]
3325,[0.1308360993862152]
3326,[0.195194810628891]
3327,[0.1424565315246582]
3330,[0.9722610116004944]
3331,[0.39885497093200684]
3332,[0.08242166042327881]
3333,[0.6976317763328552]
3343,[0.1989421546459198]
3344,[0.1918066442012787]
3348,[0.15246936678886414]
3349,[0.15934652090072632]
3350,[0.14395269751548767]
3352,[0.07806813716888428]
3353,[0.6784846186637878]
3354,[0.3362031579017639]
3358,[0.7902385592460632]
3360,[0.9688133597373962]
3366,[0.3142019510269165]
3371,[0.6182113885879517]
3374,[0.8136947751045227]
3375,[0.4355253577232361]
3378,[0.8996118903160095]
3382,[0.4440987706184387]
3384,[0.11362463235855103]
3385,[0.8413444757461548]
3386,[0.1954803764820099]
3392,[0.3206140398979187]
3399,[0.4742569923400879]
3407,[0.1956579089164734]
3409,[0.18862855434417725]
3416,[0.9472837448120117]
3420,[0.13628318905830383]
3422,[0.9837216734886169]
3424,[0.20936012268066406]
3426,[0.927253007888794]
3427,[0.12565672397613525]
3434,[0.13697072863578796]
3438,[0.20198369026184082]
3441,[0.18612787127494812]
3442,[0.19584673643112183]
3443,[0.33856385946273804]
3444,[0.4198722243309021]
3449,[0.12565672397613525]
3453,[0.8734622597694397]
3454,[0.16008791327476501]
3456,[0.7696611881256104]
3457,[0.6370900869369507]
3458,[0.9009395837783813]
3461,[0.800483226776123]
3467,[0.5821831822395325]
3479,[0.09719270467758179]
3488,[0.8760190010070801]
3491,[0.23633307218551636]
3496,[0.9156848192214966]
3502,[0.6297191381454468]
3507,[0.9510775804519653]
3511,[0.6396751999855042]
3515,[0.9236069321632385]
3516,[0.9937986135482788]
3538,[0.7177903652191162]
3539,[0.6621917486190796]
3541,[0.9374388456344604]
3545,[0.7024320363998413]
3546,[0.9236069321632385]
3547,[0.9576852917671204]
3551,[0.8759706020355225]
3553,[0.1369076371192932]
3556,[0.2386074662208557]
3558,[0.26874619722366333]
3559,[0.1198255717754364]
3561,[0.11209812760353088]
3562,[0.15019792318344116]
3563,[0.2511337101459503]
3564,[0.137003093957901]
3571,[0.1849803924560547]
3574,[0.19863051176071167]
3576,[0.1385464072227478]
3577,[0.14468789100646973]
3579,[0.1390346884727478]
3580,[0.7848927974700928]
3586,[0.1480521559715271]
3590,[0.26549816131591797]
3599,[0.12468522787094116]
3600,[0.12926074862480164]
3601,[0.22426751255989075]
3605,[0.1579653024673462]
3606,[0.11661598086357117]
3612,[0.11592206358909607]
3614,[0.11945199966430664]
3615,[0.08155936002731323]
3616,[0.08196073770523071]
3620,[0.5089465975761414]
3622,[0.08627024292945862]
3624,[0.1835974156856537]
3630,[0.1143733561038971]
3644,[0.20885148644447327]
3649,[0.11089971661567688]
3651,[0.08419868350028992]
3654,[0.14460605382919312]
3665,[0.08780574798583984]
3668,[0.10174804925918579]
3671,[0.14509615302085876]
3672,[0.18426135182380676]
3673,[0.08048447966575623]
3677,[0.11185312271118164]
3678,[0.13329166173934937]
3687,[0.11020171642303467]
3688,[0.09371417760848999]
3693,[0.23865091800689697]
3698,[0.517781674861908]
3699,[0.8105499744415283]
3701,[0.9227635860443115]
3703,[0.24802210927009583]
3706,[0.2530423402786255]
3707,[0.1361657977104187]
3709,[0.6934103965759277]
3711,[0.2322005033493042]
3714,[0.22090879082679749]
3716,[0.22183606028556824]
3720,[0.9209358096122742]
3728,[0.8844479918479919]
3731,[0.24329733848571777]
3732,[0.1182641088962555]
3733,[0.883098840713501]
3734,[0.18248200416564941]
3740,[0.2553142309188843]
3746,[0.1285603642463684]
3749,[0.08814772963523865]
3751,[0.17420917749404907]
3755,[0.15527784824371338]
3757,[0.21249336004257202]
3762,[0.7726669311523438]
3767,[0.14361470937728882]
3769,[0.10246369242668152]
3779,[0.17520219087600708]
3781,[0.5624735951423645]
3782,[0.1305522918701172]
3783,[0.5664988160133362]
3784,[0.7844825983047485]
3790,[0.18253299593925476]
3791,[0.7939950227737427]
3792,[0.9813281297683716]
3794,[0.18700861930847168]
3799,[0.10012122988700867]
3801,[0.44325900077819824]
3804,[0.15422415733337402]
3808,[0.22726094722747803]
3809,[0.1836838722229004]
3811,[0.2001582682132721]
3813,[0.15053674578666687]
3817,[0.1828848421573639]
3818,[0.22694411873817444]
3823,[0.24042010307312012]
3843,[0.2788900136947632]
3844,[0.4847167134284973]
3846,[0.27174264192581177]
3847,[0.9003956317901611]
3852,[0.5062074661254883]
3854,[0.25112050771713257]
3856,[0.21029165387153625]
3863,[0.5804039239883423]
3865,[0.24307629466056824]
3867,[0.8431206941604614]
3871,[0.26756417751312256]
3872,[0.23503530025482178]
3878,[0.2635496258735657]
3880,[0.6421464681625366]
3881,[0.827743411064148]
3882,[0.9635442495346069]
3883,[0.6354779005050659]
3884,[0.9665971994400024]
3885,[0.34570929408073425]
3886,[0.7465537786483765]
3890,[0.9593158960342407]
3891,[0.9656288027763367]
3898,[0.9037097096443176]
3902,[0.10488501191139221]
3909,[0.09376806020736694]
3910,[0.1833655834197998]
3912,[0.1626758575439453]
3915,[0.969153642654419]
3918,[0.2233535349369049]
3920,[0.9707779884338379]
3925,[0.15545165538787842]
3928,[0.06236529350280762]
3929,[0.15299147367477417]
3930,[0.9626377820968628]
3931,[0.12933188676834106]
3934,[0.10266304016113281]
3939,[0.12464267015457153]
3941,[0.06374713778495789]
3942,[0.12934574484825134]
3943,[0.17360562086105347]
3946,[0.0898256003856659]
3963,[0.45200738310813904]
3965,[0.26232975721359253]
3966,[0.5197458863258362]
3971,[0.2720910310745239]
3972,[0.9348487257957458]
3974,[0.13078254461288452]
3976,[0.6878778338432312]
3978,[0.5204660296440125]
3981,[0.19967588782310486]
3985,[0.6914489269256592]
3986,[0.21474716067314148]
3987,[0.8607314825057983]
3988,[0.9728914499282837]
3991,[0.9739209413528442]
3999,[0.9691042900085449]
4001,[0.22153827548027039]
4002,[0.9571757912635803]
4004,[0.826443076133728]
4007,[0.36027848720550537]
4009,[0.12972232699394226]
4013,[0.19987797737121582]
4015,[0.1872960329055786]
4016,[0.7109834551811218]
4023,[0.1402294933795929]
4031,[0.2638434171676636]
4035,[0.9178915023803711]
4036,[0.19025591015815735]
4037,[0.19013068079948425]
4040,[0.9870019555091858]
4048,[0.8878403306007385]
4053,[0.86249178647995]
4056,[0.86249178647995]
4059,[0.479800820350647]
4066,[0.9914235472679138]
4067,[0.5186291337013245]
4069,[0.33147871494293213]
4070,[0.851908266544342]
4071,[0.8389551043510437]
4073,[0.9514521360397339]
4074,[0.35144805908203125]
4075,[0.844183087348938]
4082,[0.8652299642562866]
4090,[0.15182939171791077]
4099,[0.9719789028167725]
4102,[0.5652323365211487]
4106,[0.13844034075737]
4109,[0.5887236595153809]
4110,[0.7451699376106262]
4115,[0.22604581713676453]
4118,[0.9749741554260254]
4120,[0.9079691767692566]
4125,[0.22604581713676453]
4126,[0.4927743375301361]
4130,[0.8639562129974365]
4134,[0.9631878137588501]
4136,[0.1630331575870514]
4137,[0.9766470193862915]
4144,[0.11419448256492615]
4148,[0.15829157829284668]
4151,[0.1410481035709381]
4155,[0.17700380086898804]
4162,[0.10005289316177368]
4165,[0.15938594937324524]
4169,[0.19262200593948364]
4174,[0.11533591151237488]
4179,[0.08669659495353699]
4185,[0.1337108612060547]
4186,[0.15469804406166077]
4187,[0.09731253981590271]
4188,[0.09416642785072327]
4190,[0.123980313539505]
4192,[0.16128438711166382]
4193,[0.1742982566356659]
4194,[0.16030734777450562]
4195,[0.14071336388587952]
4196,[0.13600608706474304]
4207,[0.9829958081245422]
4208,[0.9040840864181519]
4215,[0.9826478362083435]
4217,[0.9893888235092163]
4222,[0.1375589370727539]
4223,[0.9893414378166199]
4226,[0.2074461579322815]
4228,[0.25942808389663696]
4229,[0.10170334577560425]
4231,[0.9625688791275024]
4234,[0.2586003243923187]
4236,[0.461345911026001]
4249,[0.13074150681495667]
4254,[0.490010529756546]
4258,[0.7490772604942322]
4259,[0.12079957127571106]
4263,[0.13242635130882263]
4267,[0.12583371996879578]
4277,[0.7312929630279541]
4278,[0.3871036171913147]
4280,[0.37619805335998535]
4283,[0.1879616677761078]
4285,[0.560317873954773]
4286,[0.560317873954773]
4287,[0.4067232012748718]
4290,[0.41383248567581177]
4291,[0.10136553645133972]
4294,[0.4586375951766968]
4302,[0.3107462525367737]
4308,[0.16293880343437195]
4310,[0.18682518601417542]
4311,[0.553447961807251]
4315,[0.8453377485275269]
4316,[0.1225358247756958]
4319,[0.1703980565071106]
4331,[0.20558106899261475]
4338,[0.19901731610298157]
4339,[0.6140510439872742]
4340,[0.8051012754440308]
4344,[0.09133774042129517]
4346,[0.19772881269454956]
4347,[0.9289999008178711]
4360,[0.9737115502357483]
4364,[0.9545799493789673]
4367,[0.788914680480957]
4369,[0.9064106941223145]
4370,[0.5612828731536865]
4371,[0.968906044960022]
4380,[0.8830504417419434]
4386,[0.9766936898231506]
4389,[0.9605569839477539]
4390,[0.983525276184082]
4394,[0.7541694641113281]
4399,[0.1387900710105896]
4400,[0.08016744256019592]
4404,[0.12650388479232788]
4409,[0.09956508874893188]
4414,[0.13857296109199524]
4417,[0.11012277007102966]
4418,[0.14329129457473755]
4419,[0.12324973940849304]
4420,[0.11319926381111145]
4422,[0.15450838208198547]
4429,[0.198795884847641]
4431,[0.09729108214378357]
4433,[0.22879943251609802]
4434,[0.15495342016220093]
4439,[0.09508249163627625]
4443,[0.09536254405975342]
4446,[0.22607091069221497]
4447,[0.13698452711105347]
4453,[0.17197883129119873]
4460,[0.1363692283630371]
4461,[0.8896605968475342]
4462,[0.3738364577293396]
4467,[0.1734410524368286]
4469,[0.9575660824775696]
4473,[0.11431771516799927]
4474,[0.3342675566673279]
4475,[0.12141790986061096]
4477,[0.11481145024299622]
4481,[0.12497454881668091]
4483,[0.09050935506820679]
4484,[0.12093952298164368]
4485,[0.5461348295211792]
4495,[0.12154686450958252]
4497,[0.2312518060207367]
4500,[0.4209969639778137]
4501,[0.22300386428833008]
4502,[0.2687552571296692]
4505,[0.25052928924560547]
4506,[0.2746618986129761]
4510,[0.24310755729675293]
4512,[0.5613184571266174]
4513,[0.4902184009552002]
4532,[0.16877245903015137]
4535,[0.10233607888221741]
4536,[0.8506786227226257]
4540,[0.14471378922462463]
4545,[0.49513906240463257]
4552,[0.5736088752746582]
4554,[0.9689914584159851]
4555,[0.6611880660057068]
4558,[0.9121431112289429]
4559,[0.9817678928375244]
4560,[0.2186521589756012]
4566,[0.2207355499267578]
4570,[0.7488352060317993]
4572,[0.48250988125801086]
4574,[0.39590245485305786]
4581,[0.9644718170166016]
4583,[0.9859627485275269]
4586,[0.9726593494415283]
4591,[0.9390718936920166]
4594,[0.3107243478298187]
4603,[0.7988804578781128]
4605,[0.2014748752117157]
4612,[0.8398951292037964]
4613,[0.7135050296783447]
4615,[0.8202146291732788]
4618,[0.6990544199943542]
4621,[0.6500298380851746]
4623,[0.7766125202178955]
4626,[0.17293941974639893]
4629,[0.4070297181606293]
4633,[0.6751142740249634]
4636,[0.21702012419700623]
4638,[0.5504865050315857]
4640,[0.346221923828125]
4643,[0.24161145091056824]
4645,[0.7426002025604248]
4647,[0.637954831123352]
4648,[0.11066994071006775]
4651,[0.1824999451637268]
4652,[0.10006994009017944]
4653,[0.5601296424865723]
4654,[0.8441921472549438]
4660,[0.18154659867286682]
4662,[0.16521310806274414]
4663,[0.1663130223751068]
4665,[0.6592071056365967]
4668,[0.12136787176132202]
4676,[0.09014886617660522]
4683,[0.8971253037452698]
4685,[0.9066951870918274]
4686,[0.21787020564079285]
4701,[0.2642180025577545]
4718,[0.1683516502380371]
4721,[0.20035552978515625]
4727,[0.09263119101524353]
4728,[0.9752864837646484]
4733,[0.847510576248169]
4741,[0.15819892287254333]
4743,[0.8503252267837524]
4746,[0.05609592795372009]
4751,[0.6659653186798096]
4756,[0.9725832939147949]
4761,[0.09630626440048218]
4763,[0.17018193006515503]
4764,[0.8832013010978699]
4767,[0.9592524766921997]
4772,[0.8537167310714722]
4776,[0.9718258380889893]
4780,[0.9665905237197876]
4781,[0.9794447422027588]
4792,[0.994115948677063]
4796,[0.8336492776870728]
4801,[0.9731013178825378]
4804,[0.9200477600097656]
4805,[0.9749727249145508]
4806,[0.9906250238418579]
4811,[0.2005469799041748]
4815,[0.7306111454963684]
4816,[0.8502774238586426]
4817,[0.9249841570854187]
4818,[0.369320809841156]
4822,[0.1424071192741394]
4824,[0.9513487815856934]
4827,[0.8640953898429871]
4837,[0.4897181987762451]
4838,[0.8776143789291382]
4839,[0.946916937828064]
4841,[0.6927874088287354]
4851,[0.8863488435745239]
4855,[0.9496036767959595]
4861,[0.15641137957572937]
4862,[0.08887249231338501]
4863,[0.08671757578849792]
4865,[0.1080687940120697]
4871,[0.09331455826759338]
4873,[0.07470351457595825]
4880,[0.11732831597328186]
4885,[0.13828995823860168]
4886,[0.1327587068080902]
4902,[0.09777477383613586]
4904,[0.1372096836566925]
4907,[0.12974438071250916]
4916,[0.11381834745407104]
4921,[0.8419156074523926]
4925,[0.13445734977722168]
4927,[0.11345693469047546]
4928,[0.2003377079963684]
4930,[0.08664959669113159]
4932,[0.12088307738304138]
4933,[0.09305998682975769]
4937,[0.8924075365066528]
4939,[0.9639405012130737]
4941,[0.15391755104064941]
4942,[0.08698076009750366]
4947,[0.06409749388694763]
4949,[0.08664959669113159]
4950,[0.06567838788032532]
4956,[0.17722535133361816]
4960,[0.12417316436767578]
4963,[0.1513822376728058]
4965,[0.18653997778892517]
4976,[0.17936816811561584]
4977,[0.15124833583831787]
4987,[0.09790253639221191]
4991,[0.2571835219860077]
4994,[0.10772106051445007]
4999,[0.13359901309013367]
5003,[0.9036269783973694]
5006,[0.12658321857452393]
5009,[0.389414519071579]
5011,[0.32613605260849]
5012,[0.8933066129684448]
5014,[0.6134588718414307]
5020,[0.37406522035598755]
5021,[0.1286817491054535]
5023,[0.960688591003418]
5026,[0.2722723186016083]
5030,[0.473014771938324]
5031,[0.9284468293190002]
5036,[0.5583246946334839]
5042,[0.412283331155777]
5045,[0.923790454864502]
5048,[0.9070850014686584]
5051,[0.39542868733406067]
5053,[0.19887137413024902]
5054,[0.8554885387420654]
5057,[0.2857568562030792]
5058,[0.19373595714569092]
5066,[0.8718116283416748]
5070,[0.9187067747116089]
5077,[0.9082912802696228]
5081,[0.942689836025238]
5084,[0.11863246560096741]
5086,[0.16141387820243835]
5090,[0.874346137046814]
5091,[0.5010542273521423]
5093,[0.5272486805915833]
5100,[0.8660746812820435]
5108,[0.8910171389579773]
5111,[0.9020656943321228]
5112,[0.9283037185668945]
5118,[0.14618059992790222]
5121,[0.8259842991828918]
5123,[0.8259842991828918]
5129,[0.8987918496131897]
5133,[0.17067578434944153]
5143,[0.1117977499961853]
5147,[0.2599756121635437]
5151,[0.9282028079032898]
5156,[0.8538342714309692]
5158,[0.8259842991828918]
5161,[0.2153611183166504]
5163,[0.9504732489585876]
5167,[0.9698116779327393]
5173,[0.9129537343978882]
5205,[0.9630733728408813]
5214,[0.2054382860660553]
5215,[0.169547438621521]
5216,[0.08228081464767456]
5217,[0.9349573850631714]
5225,[0.19369524717330933]
5237,[0.1663525104522705]
5239,[0.15230560302734375]
5240,[0.13830024003982544]
5241,[0.1358068883419037]
5246,[0.14314746856689453]
5250,[0.7951860427856445]
5253,[0.21488234400749207]
5258,[0.11058184504508972]
5261,[0.11167147755622864]
5268,[0.16443151235580444]
5275,[0.13956961035728455]
5277,[0.15025413036346436]
5279,[0.3799925446510315]
5288,[0.06255003809928894]
5289,[0.06887444853782654]
5294,[0.3872559666633606]
5303,[0.16476982831954956]
5307,[0.20498856902122498]
5311,[0.14231717586517334]
5312,[0.07177326083183289]
5314,[0.23055753111839294]
5318,[0.16054686903953552]
5327,[0.19940736889839172]
5329,[0.16986560821533203]
5333,[0.1710236668586731]
5334,[0.21451744437217712]
5340,[0.1011883020401001]
5348,[0.14751505851745605]
5358,[0.39709553122520447]
5360,[0.1122971773147583]
5361,[0.8857903480529785]
5363,[0.9084964394569397]
5364,[0.36686503887176514]
5369,[0.84394371509552]
5370,[0.19121864438056946]
5374,[0.879193902015686]
5376,[0.961089015007019]
5388,[0.20582938194274902]
5390,[0.7051805257797241]
5393,[0.9462466835975647]
5394,[0.8541385531425476]
5395,[0.3191669285297394]
5398,[0.8753662109375]
5399,[0.8762491941452026]
5401,[0.5816574096679688]
5402,[0.953881025314331]
5405,[0.16896086931228638]
5414,[0.6873928904533386]
5415,[0.7626514434814453]
5419,[0.7751624584197998]
5421,[0.6269650459289551]
5422,[0.1675635278224945]
5424,[0.9012482166290283]
5427,[0.9631015062332153]
5429,[0.5345077514648438]
5431,[0.7163199186325073]
5433,[0.8637348413467407]
5434,[0.9622422456741333]
5435,[0.6830029487609863]
5436,[0.23318856954574585]
5438,[0.9404967427253723]
5440,[0.5708048939704895]
5441,[0.8855345249176025]
5447,[0.649849534034729]
5451,[0.8145122528076172]
5453,[0.26554161310195923]
5456,[0.3640179932117462]
5457,[0.9201300740242004]
5463,[0.12881392240524292]
5464,[0.1362781524658203]
5470,[0.2242317497730255]
5472,[0.1698763370513916]
5474,[0.09022513031959534]
5478,[0.20450091361999512]
5483,[0.06966269016265869]
5490,[0.10710617899894714]
5500,[0.12967848777770996]
5504,[0.12826064229011536]
5508,[0.14999273419380188]
5511,[0.10408985614776611]
5512,[0.11855638027191162]
5513,[0.14846840500831604]
5516,[0.13238069415092468]
5523,[0.2930874526500702]
5527,[0.1875106692314148]
5530,[0.1852346956729889]
5533,[0.1890573501586914]
5536,[0.18060818314552307]
5537,[0.14556825160980225]
5542,[0.07954323291778564]
5543,[0.10725820064544678]
5546,[0.1522676646709442]
5549,[0.1414768397808075]
5550,[0.1618073284626007]
5551,[0.14294278621673584]
5562,[0.32761964201927185]
5566,[0.1553940773010254]
5568,[0.6322290301322937]
5571,[0.9736241102218628]
5572,[0.9680758714675903]
5574,[0.5569372177124023]
5583,[0.38150185346603394]
5585,[0.5636603832244873]
5591,[0.8333510160446167]
5596,[0.5392995476722717]
5597,[0.3690064549446106]
5601,[0.9593003988265991]
5606,[0.8139779567718506]
5607,[0.3631364703178406]
5610,[0.3191509246826172]
5615,[0.20100560784339905]
5616,[0.96873939037323]
5623,[0.12129625678062439]
5630,[0.8031359910964966]
5636,[0.8672581911087036]
5637,[0.5508425831794739]
5639,[0.8606193661689758]
5640,[0.7754314541816711]
5643,[0.8262456655502319]
5648,[0.10990643501281738]
5649,[0.20024394989013672]
5660,[0.0834505558013916]
5666,[0.18943491578102112]
5667,[0.9380608797073364]
5678,[0.8261247873306274]
5679,[0.7855192422866821]
5681,[0.8757436275482178]
5682,[0.15274041891098022]
5691,[0.7529611587524414]
5696,[0.9937567710876465]
5697,[0.9579563140869141]
5700,[0.12765270471572876]
5701,[0.2783588171005249]
5702,[0.8922359943389893]
5708,[0.969377875328064]
5709,[0.8533602356910706]
5718,[0.9515198469161987]
5723,[0.27773547172546387]
5725,[0.8930475115776062]
5728,[0.9823009371757507]
5731,[0.8123109340667725]
5735,[0.8746514320373535]
5737,[0.9024329781532288]
5738,[0.8933275938034058]
5742,[0.8460714817047119]
5747,[0.5038740634918213]
5749,[0.6790146231651306]
5750,[0.9772791862487793]
5755,[0.7885030508041382]
5756,[0.9600117206573486]
5761,[0.9302272796630859]
5762,[0.9866775274276733]
5767,[0.9711987972259521]
5768,[0.5038740634918213]
5770,[0.9668809175491333]
5773,[0.8527383804321289]
5774,[0.288114994764328]
5779,[0.831783652305603]
5782,[0.9310480356216431]
5785,[0.14759796857833862]
5786,[0.7955654859542847]
5787,[0.9723786115646362]
5788,[0.8626465797424316]
5796,[0.1379159390926361]
5802,[0.1562006175518036]
5806,[0.9605288505554199]
5809,[0.2833860516548157]
5810,[0.12399902939796448]
5811,[0.9674915075302124]
5813,[0.673336386680603]
5820,[0.11787757277488708]
5823,[0.12441283464431763]
5830,[0.9168821573257446]
5831,[0.08921301364898682]
5838,[0.9383490085601807]
5839,[0.17140978574752808]
5844,[0.9410821199417114]
5846,[0.6961743831634521]
5851,[0.9251031875610352]
5852,[0.8759346008300781]
5857,[0.18514883518218994]
5859,[0.3100452423095703]
5860,[0.9281041622161865]
5862,[0.6790930032730103]
5865,[0.8649908304214478]
5866,[0.15734177827835083]
5871,[0.9814411401748657]
5872,[0.2838957905769348]
5877,[0.9877947568893433]
5878,[0.9119007587432861]
5879,[0.9936459064483643]
5880,[0.0973660945892334]
5895,[0.12394192814826965]
5897,[0.15965566039085388]
5910,[0.2289019525051117]
5914,[0.09925669431686401]
5915,[0.12888941168785095]
5917,[0.10799041390419006]
5924,[0.11551231145858765]
5926,[0.10306474566459656]
5931,[0.3311728239059448]
5936,[0.12589311599731445]
5940,[0.13057714700698853]
5941,[0.12447249889373779]
5945,[0.16442030668258667]
5946,[0.07713958621025085]
5948,[0.5024561882019043]
5951,[0.2755206823348999]
5967,[0.13232794404029846]
5968,[0.09934911131858826]
5969,[0.187244713306427]
5970,[0.110166996717453]
5971,[0.11526656150817871]
5973,[0.1558760106563568]
5976,[0.07881888747215271]
5977,[0.14198806881904602]
5984,[0.6793872117996216]
5986,[0.3156941831111908]
5993,[0.32041484117507935]
5994,[0.47484728693962097]
6005,[0.5594363212585449]
6006,[0.5940854549407959]
6008,[0.45522430539131165]
6010,[0.44083964824676514]
6011,[0.22624725103378296]
6014,[0.4212327003479004]
6016,[0.24519696831703186]
6018,[0.09226348996162415]
6021,[0.29089173674583435]
6025,[0.8774809837341309]
6028,[0.3845270276069641]
6029,[0.10451194643974304]
6035,[0.1525539755821228]
6040,[0.6448764204978943]
6042,[0.4180437922477722]
6044,[0.6011305451393127]
6046,[0.20642265677452087]
6052,[0.12467300891876221]
6054,[0.953453540802002]
6062,[0.9151799082756042]
6063,[0.20660734176635742]
6067,[0.9954770803451538]
6068,[0.9627565145492554]
6077,[0.1362892985343933]
6079,[0.13056498765945435]
6080,[0.5025445818901062]
6081,[0.9165711402893066]
6082,[0.9929102063179016]
6089,[0.06475114822387695]
6095,[0.11114853620529175]
6101,[0.10659411549568176]
6107,[0.17810657620429993]
6114,[0.10892978310585022]
6117,[0.11340335011482239]
6121,[0.23368820548057556]
6122,[0.1585751175880432]
6124,[0.218160480260849]
6129,[0.1231687068939209]
6131,[0.31638097763061523]
6136,[0.27870553731918335]
6139,[0.4033229947090149]
6142,[0.21072116494178772]
6143,[0.4421180784702301]
6144,[0.29395943880081177]
6149,[0.20810461044311523]
6155,[0.2830377519130707]
6157,[0.29511570930480957]
6158,[0.14517825841903687]
6161,[0.4998016357421875]
6168,[0.10647153854370117]
6172,[0.4450415372848511]
6176,[0.46406495571136475]
6177,[0.8844492435455322]
6179,[0.2644965648651123]
6180,[0.7766664028167725]
6182,[0.16628530621528625]
6186,[0.24786972999572754]
6189,[0.2331460416316986]
6190,[0.19463738799095154]
6194,[0.8323616981506348]
6204,[0.12023401260375977]
6205,[0.16762962937355042]
6209,[0.11062166094779968]
6210,[0.22554978728294373]
6212,[0.19752424955368042]
6214,[0.7163434028625488]
6221,[0.40673136711120605]
6225,[0.7437410354614258]
6228,[0.14059725403785706]
6229,[0.2260286808013916]
6231,[0.14758700132369995]
6235,[0.5095992088317871]
6236,[0.2241232693195343]
6237,[0.5497817993164062]
6238,[0.11050063371658325]
6239,[0.21960657835006714]
6242,[0.23056522011756897]
6249,[0.23385649919509888]
6250,[0.22806140780448914]
6251,[0.4096454977989197]
6252,[0.5355836153030396]
6260,[0.11917400360107422]
6264,[0.13522672653198242]
6266,[0.19064870476722717]
6270,[0.13609090447425842]
6275,[0.23298346996307373]
6279,[0.2474561333656311]
6280,[0.23928043246269226]
6284,[0.2308618724346161]
6285,[0.9589298963546753]
6286,[0.5654783844947815]
6287,[0.8190228939056396]
6288,[0.10027262568473816]
6289,[0.9728606343269348]
6290,[0.10387763381004333]
6291,[0.9437976479530334]
6295,[0.8612032532691956]
6298,[0.7464308142662048]
6307,[0.7849558591842651]
6308,[0.15270593762397766]
6309,[0.6014417409896851]
6313,[0.16904515027999878]
6316,[0.9448357820510864]
6319,[0.1723547875881195]
6321,[0.3538813591003418]
6324,[0.10562196373939514]
6327,[0.1629728078842163]
6333,[0.8901886940002441]
6351,[0.7122010588645935]
6352,[0.9480751752853394]
6353,[0.08277121186256409]
6357,[0.9408218860626221]
6359,[0.9381898641586304]
6360,[0.8435547351837158]
6364,[0.9251837730407715]
6367,[0.756919264793396]
6368,[0.8672425746917725]
6377,[0.994033694267273]
6378,[0.994033694267273]
6379,[0.17147305607795715]
6381,[0.9937947392463684]
6390,[0.4964233636856079]
6401,[0.6054108738899231]
6408,[0.9401211738586426]
6409,[0.2630741000175476]
6411,[0.21184605360031128]
6419,[0.09788951277732849]
6424,[0.9447156190872192]
6426,[0.8438014388084412]
6428,[0.1016966700553894]
6431,[0.10733753442764282]
6432,[0.893883466720581]
6433,[0.24829575419425964]
6435,[0.9790846705436707]
6437,[0.1396874487400055]
6439,[0.9831708669662476]
6442,[0.1554686427116394]
6444,[0.9864847660064697]
6447,[0.276101291179657]
6456,[0.8406857848167419]
6457,[0.24382856488227844]
6460,[0.2758405804634094]
6468,[0.1631353795528412]
6471,[0.9763796329498291]
6475,[0.21004289388656616]
6476,[0.971376895904541]
6479,[0.9823510646820068]
6483,[0.9097070693969727]
6487,[0.9420795440673828]
6488,[0.4895988404750824]
6489,[0.232835590839386]
6496,[0.5454455614089966]
6498,[0.21125376224517822]
6502,[0.16679009795188904]
6503,[0.16277623176574707]
6507,[0.9465587735176086]
6508,[0.1848130226135254]
6509,[0.8304384350776672]
6517,[0.18018433451652527]
6521,[0.2133769392967224]
6522,[0.1116628646850586]
6524,[0.15978863835334778]
6526,[0.1254062056541443]
6531,[0.9626789093017578]
6533,[0.10989326238632202]
6538,[0.16883012652397156]
6539,[0.6604709029197693]
6544,[0.8880506753921509]
6557,[0.5899507403373718]
6558,[0.17739740014076233]
6562,[0.19802019000053406]
6563,[0.2096697986125946]
6564,[0.2157312035560608]
6574,[0.3507733941078186]
6578,[0.5097869038581848]
6581,[0.2461744248867035]
6584,[0.27334946393966675]
6587,[0.1874307096004486]
6589,[0.10081535577774048]
6590,[0.10625427961349487]
6592,[0.2930154800415039]
6595,[0.2461351752281189]
6599,[0.10304316878318787]
6600,[0.11653432250022888]
6606,[0.12217655777931213]
6609,[0.07431569695472717]
6612,[0.16595059633255005]
6615,[0.11336201429367065]
6618,[0.06404587626457214]
6620,[0.10393908619880676]
6623,[0.1295730173587799]
6633,[0.2040163278579712]
6639,[0.9949827790260315]
6640,[0.7812471389770508]
6641,[0.9149963855743408]
6645,[0.1753043532371521]
6650,[0.11979171633720398]
6651,[0.11007723212242126]
6652,[0.519214391708374]
6657,[0.27149197459220886]
6659,[0.194344162940979]
6666,[0.8405568599700928]
6671,[0.33785760402679443]
6673,[0.8628444671630859]
6674,[0.10832205414772034]
6677,[0.15225756168365479]
6680,[0.1963629424571991]
6684,[0.19704782962799072]
6685,[0.09990721940994263]
6691,[0.1542912721633911]
6692,[0.2384866178035736]
6696,[0.8376955389976501]
6698,[0.22660553455352783]
6704,[0.19177713990211487]
6705,[0.20055854320526123]
6710,[0.14057055115699768]
6713,[0.38310492038726807]
6715,[0.1922004222869873]
6717,[0.5379852056503296]
6718,[0.14141389727592468]
6720,[0.12463146448135376]
6728,[0.47403421998023987]
6732,[0.18509459495544434]
6733,[0.19567272067070007]
6739,[0.0889538824558258]
6740,[0.19358676671981812]
6741,[0.12260666489601135]
6743,[0.2228250503540039]
6747,[0.12463146448135376]
6750,[0.8896844387054443]
6752,[0.6093862056732178]
6753,[0.5303948521614075]
6755,[0.9113820791244507]
6761,[0.10703623294830322]
6763,[0.43166181445121765]
6768,[0.5737613439559937]
6770,[0.24078446626663208]
6771,[0.17647987604141235]
6777,[0.452487975358963]
6778,[0.10654622316360474]
6780,[0.0826808512210846]
6782,[0.5689306259155273]
6786,[0.9325021505355835]
6791,[0.2645438313484192]
6797,[0.23081111907958984]
6798,[0.6259254217147827]
6803,[0.1566665768623352]
6805,[0.2809929847717285]
6812,[0.24625155329704285]
6816,[0.2571273446083069]
6818,[0.2927859425544739]
6822,[0.27609413862228394]
6825,[0.25919127464294434]
6826,[0.26570749282836914]
6827,[0.2629830837249756]
6829,[0.25565236806869507]
6831,[0.07783329486846924]
6836,[0.09366503357887268]
6838,[0.10706189274787903]
6840,[0.11065560579299927]
6842,[0.1620841920375824]
6846,[0.23752284049987793]
6851,[0.9289555549621582]
6853,[0.7488044500350952]
6856,[0.12773889303207397]
6859,[0.5159652233123779]
6865,[0.33824658393859863]
6866,[0.8326596021652222]
6868,[0.9813326597213745]
6869,[0.22484645247459412]
6871,[0.9936845898628235]
6873,[0.7536888122558594]
6886,[0.8753000497817993]
6887,[0.8517017364501953]
6888,[0.6296564340591431]
6889,[0.9899065494537354]
6891,[0.387023001909256]
6894,[0.22020211815834045]
6895,[0.173281729221344]
6899,[0.9595358967781067]
6901,[0.590662956237793]
6902,[0.53118497133255]
6904,[0.2268770933151245]
6906,[0.2334139049053192]
6922,[0.09525394439697266]
6923,[0.23490235209465027]
6924,[0.09700164198875427]
6927,[0.27993637323379517]
6934,[0.1377357542514801]
6938,[0.16136562824249268]
6941,[0.13319936394691467]
6942,[0.092308908700943]
6944,[0.12994936108589172]
6947,[0.45117834210395813]
6952,[0.9223322868347168]
6957,[0.08405482769012451]
6958,[0.917521595954895]
6964,[0.4685077965259552]
6968,[0.1725195050239563]
6969,[0.7977334260940552]
6976,[0.227401465177536]
6982,[0.9668375849723816]
6986,[0.9166930913925171]
6987,[0.9692175388336182]
6989,[0.3898687958717346]
6991,[0.35614630579948425]
6993,[0.8254036903381348]
6995,[0.2670917510986328]
6997,[0.12095382809638977]
7000,[0.2100459635257721]
7003,[0.2805417478084564]
7004,[0.11774298548698425]
7007,[0.9497966766357422]
7011,[0.27821069955825806]
7014,[0.1899627447128296]
7016,[0.12972116470336914]
7017,[0.1570403277873993]
7020,[0.364949107170105]
7022,[0.28615784645080566]
7028,[0.26381373405456543]
7033,[0.6180422306060791]
7034,[0.6493887901306152]
7035,[0.07383802533149719]
7038,[0.2719048261642456]
7040,[0.3025937080383301]
7041,[0.20064833760261536]
7042,[0.24035194516181946]
7045,[0.13589608669281006]
7049,[0.17414909601211548]
7055,[0.14574497938156128]
7057,[0.24382078647613525]
7062,[0.07850697636604309]
7064,[0.2345358431339264]
7066,[0.07407072186470032]
7067,[0.0818849503993988]
7072,[0.2778227925300598]
7079,[0.21903076767921448]
7082,[0.6284670233726501]
7083,[0.07605376839637756]
7084,[0.256477028131485]
7085,[0.14902761578559875]
7087,[0.7010209560394287]
7090,[0.3812818229198456]
7094,[0.09621414542198181]
7096,[0.5817383527755737]
7099,[0.535357654094696]
7100,[0.6405956745147705]
7101,[0.49655985832214355]
7102,[0.9630705118179321]
7103,[0.22847384214401245]
7107,[0.6130520105361938]
7110,[0.19794580340385437]
7113,[0.13494625687599182]
7117,[0.11872610449790955]
7119,[0.14460858702659607]
7123,[0.7157212495803833]
7127,[0.13491398096084595]
7133,[0.6490039229393005]
7139,[0.8196102976799011]
7143,[0.3295687139034271]
7145,[0.12097105383872986]
7151,[0.843121349811554]
7152,[0.18140333890914917]
7153,[0.13598260283470154]
7156,[0.10235533118247986]
7162,[0.2649921178817749]
7170,[0.20449751615524292]
7172,[0.16307172179222107]
7177,[0.12987899780273438]
7181,[0.10053852200508118]
7182,[0.13330015540122986]
7189,[0.11990702152252197]
7190,[0.15916362404823303]
7200,[0.9116511344909668]
7207,[0.8568824529647827]
7209,[0.9701108336448669]
7212,[0.9569051265716553]
7216,[0.2650662064552307]
7217,[0.9691042900085449]
7219,[0.943023681640625]
7220,[0.523674488067627]
7222,[0.8383410573005676]
7225,[0.8572347164154053]
7233,[0.42559680342674255]
7237,[0.8259880542755127]
7238,[0.936690628528595]
7239,[0.975166916847229]
7240,[0.9609680771827698]
7243,[0.9736920595169067]
7245,[0.8912913799285889]
7246,[0.139775812625885]
7249,[0.9061437845230103]
7257,[0.8427104949951172]
7258,[0.21495109796524048]
7259,[0.9855675101280212]
7262,[0.8836597204208374]
7263,[0.9759418964385986]
7269,[0.9382575750350952]
7271,[0.9827232360839844]
7273,[0.9748934507369995]
7276,[0.9477487802505493]
7279,[0.9351178407669067]
7282,[0.8952013254165649]
7284,[0.989122748374939]
7293,[0.2635335922241211]
7298,[0.27767452597618103]
7303,[0.5967625975608826]
7304,[0.1806010901927948]
7305,[0.13198333978652954]
7308,[0.9350714683532715]
7313,[0.29941606521606445]
7314,[0.589739978313446]
7321,[0.5705480575561523]
7322,[0.28120020031929016]
7327,[0.20443612337112427]
7333,[0.12028390169143677]
7336,[0.8558578491210938]
7339,[0.9731859564781189]
7341,[0.5794152617454529]
7346,[0.06032299995422363]
7347,[0.6047196388244629]
7349,[0.8079929947853088]
7351,[0.11178874969482422]
7353,[0.07648110389709473]
7363,[0.2638610005378723]
7364,[0.07243964076042175]
7368,[0.8615880012512207]
7370,[0.4503037929534912]
7375,[0.10531601309776306]
7376,[0.2483368217945099]
7379,[0.06772539019584656]
7382,[0.07819941639900208]
7384,[0.09034568071365356]
7385,[0.15924036502838135]
7387,[0.09834420680999756]
7388,[0.2209509313106537]
7389,[0.2171751856803894]
7394,[0.2052609622478485]
7396,[0.1852758228778839]
7398,[0.1395891308784485]
7399,[0.14369633793830872]
7401,[0.3869556784629822]
7404,[0.15503263473510742]
7406,[0.23909127712249756]
7409,[0.10441192984580994]
7411,[0.1659393608570099]
7417,[0.25290244817733765]
7420,[0.12235608696937561]
7422,[0.06000393629074097]
7423,[0.1351260542869568]
7427,[0.9782740473747253]
7429,[0.20538374781608582]
7432,[0.12101367115974426]
7435,[0.17418038845062256]
7436,[0.9372663497924805]
7440,[0.9709432721138]
7441,[0.11252778768539429]
7445,[0.18390828371047974]
7448,[0.3363918960094452]
7449,[0.1436994969844818]
7450,[0.394761323928833]
7454,[0.08933866024017334]
7455,[0.13080838322639465]
7460,[0.27101409435272217]
7462,[0.14136475324630737]
7464,[0.2303577959537506]
7466,[0.23581674695014954]
7468,[0.14988479018211365]
7469,[0.21944063901901245]
7471,[0.22549277544021606]
7472,[0.1723882257938385]
7483,[0.27395516633987427]
7484,[0.26520562171936035]
7485,[0.12721878290176392]
7486,[0.7093226909637451]
7487,[0.11707994341850281]
7489,[0.9622360467910767]
7492,[0.14329072833061218]
7495,[0.9349108934402466]
7499,[0.7046976089477539]
7500,[0.8275564908981323]
7506,[0.9886475205421448]
7508,[0.6744707822799683]
7509,[0.8275299668312073]
7511,[0.9841028451919556]
7516,[0.9528123140335083]
7524,[0.5789000988006592]
7538,[0.38110944628715515]
7539,[0.8585178852081299]
7541,[0.9788484573364258]
7546,[0.9028487801551819]
7549,[0.941261887550354]
7562,[0.9465935230255127]
7564,[0.8688878417015076]
7567,[0.8193679451942444]
7572,[0.9401983022689819]
7574,[0.9427199363708496]
7575,[0.9435760974884033]
7586,[0.9498392939567566]
7592,[0.9212517738342285]
7596,[0.139448344707489]
7597,[0.3132627010345459]
7599,[0.13819685578346252]
7606,[0.14477738738059998]
7615,[0.14338374137878418]
7618,[0.162843257188797]
7620,[0.7704427242279053]
7624,[0.13441362977027893]
7625,[0.147175133228302]
7629,[0.2896299362182617]
7632,[0.14510318636894226]
7636,[0.6730376482009888]
7637,[0.23186612129211426]
7646,[0.22069677710533142]
7655,[0.1395527422428131]
7658,[0.15520590543746948]
7660,[0.2179814577102661]
7664,[0.44958704710006714]
7665,[0.15450885891914368]
7666,[0.19210955500602722]
7667,[0.12729120254516602]
7673,[0.2120245099067688]
7676,[0.10390022397041321]
7682,[0.08608832955360413]
7684,[0.38597261905670166]
7690,[0.15868985652923584]
7697,[0.14036917686462402]
7700,[0.16811978816986084]
7704,[0.24930348992347717]
7705,[0.14362508058547974]
7706,[0.2759810984134674]
7708,[0.32386839389801025]
7709,[0.3915834426879883]
7710,[0.44664064049720764]
7713,[0.13580623269081116]
7716,[0.10980728268623352]
7726,[0.2225216031074524]
7729,[0.1614295244216919]
7730,[0.15889742970466614]
7732,[0.14343902468681335]
7734,[0.11047127842903137]
7740,[0.19004732370376587]
7741,[0.177411288022995]
7745,[0.7522529363632202]
7757,[0.2020605504512787]
7762,[0.894344687461853]
7770,[0.9467037916183472]
7776,[0.7533549070358276]
7777,[0.700907826423645]
7778,[0.9089103937149048]
7779,[0.826585054397583]
7782,[0.22189292311668396]
7786,[0.29720407724380493]
7791,[0.7848391532897949]
7792,[0.5766078233718872]
7794,[0.3125600218772888]
7795,[0.1456640064716339]
7796,[0.20770889520645142]
7798,[0.09469279646873474]
7805,[0.09427645802497864]
7806,[0.2326817512512207]
7808,[0.22268325090408325]
7811,[0.08410659432411194]
7814,[0.12617406249046326]
7819,[0.09544846415519714]
7820,[0.6543888449668884]
7825,[0.14694052934646606]
7829,[0.7599004507064819]
7834,[0.19536074995994568]
7836,[0.14466220140457153]
7838,[0.25783395767211914]
7841,[0.12659481167793274]
7845,[0.9020368456840515]
7846,[0.11054372787475586]
7853,[0.11821204423904419]
7856,[0.10758677124977112]
7858,[0.09595316648483276]
7859,[0.4842897057533264]
7866,[0.083120197057724]
7875,[0.8451974391937256]
7879,[0.1091282069683075]
7884,[0.11081784963607788]
7886,[0.2881568670272827]
7890,[0.18606168031692505]
7892,[0.09683755040168762]
7896,[0.9470905065536499]
7899,[0.988766074180603]
7900,[0.972135066986084]
7901,[0.6568925380706787]
7904,[0.8747066259384155]
7911,[0.24263277649879456]
7917,[0.3359352946281433]
7919,[0.21561580896377563]
7920,[0.9559457302093506]
7921,[0.9937455654144287]
7922,[0.12183460593223572]
7925,[0.9923453330993652]
7927,[0.8752043843269348]
7928,[0.9938924312591553]
7931,[0.2588089108467102]
7942,[0.15271252393722534]
7946,[0.9955896735191345]
7947,[0.2107374370098114]
7948,[0.2793911397457123]
7951,[0.30376166105270386]
7956,[0.2302803099155426]
7961,[0.9897421002388]
7964,[0.985299289226532]
7966,[0.9757429361343384]
7967,[0.21380871534347534]
7974,[0.9824795126914978]
7975,[0.24303314089775085]
7979,[0.9812073111534119]
7985,[0.9727872610092163]
7986,[0.9446953535079956]
7993,[0.19742298126220703]
7995,[0.9868158102035522]
7997,[0.06484124064445496]
7998,[0.9756239652633667]
8004,[0.982059121131897]
8007,[0.9764162302017212]
8011,[0.14673268795013428]
8014,[0.6201719045639038]
8022,[0.8440442681312561]
8027,[0.10813084244728088]
8033,[0.2687109112739563]
8041,[0.8501631021499634]
8042,[0.7259221076965332]
8046,[0.1598050594329834]
8048,[0.750923216342926]
8050,[0.7307639718055725]
8051,[0.7751893997192383]
8052,[0.20577490329742432]
8053,[0.24055317044258118]
8054,[0.8161602020263672]
8059,[0.21523243188858032]
8063,[0.6725226640701294]
8072,[0.27560484409332275]
8075,[0.18851116299629211]
8076,[0.26588836312294006]
8077,[0.9907995462417603]
8078,[0.27101439237594604]
8080,[0.3701249957084656]
8082,[0.2659926414489746]
8086,[0.1437758505344391]
8090,[0.8430318832397461]
8092,[0.13812267780303955]
8093,[0.14794325828552246]
8099,[0.7103049159049988]
8104,[0.8234889507293701]
8107,[0.38293731212615967]
8108,[0.16410687565803528]
8114,[0.28457707166671753]
8115,[0.8732743263244629]
8117,[0.9109999537467957]
8123,[0.9700191020965576]
8124,[0.623297929763794]
8127,[0.9569255709648132]
8132,[0.295074999332428]
8134,[0.9792042970657349]
8139,[0.297929972410202]
8145,[0.9825085997581482]
8148,[0.9840961694717407]
8151,[0.9024378061294556]
8152,[0.9120463728904724]
8153,[0.8103809356689453]
8157,[0.34020131826400757]
8160,[0.9758567810058594]
8166,[0.8912460803985596]
8167,[0.9149959087371826]
8173,[0.8476479649543762]
8174,[0.9117611050605774]
8178,[0.9914175271987915]
8179,[0.4237351715564728]
8185,[0.25452321767807007]
8186,[0.9015355110168457]
8192,[0.6715953350067139]
8193,[0.13507238030433655]
8194,[0.12362420558929443]
8197,[0.13854005932807922]
8198,[0.2477560043334961]
8199,[0.13723689317703247]
8200,[0.2210538387298584]
8206,[0.13024738430976868]
8207,[0.1313968300819397]
8220,[0.2763724625110626]
8222,[0.27464115619659424]
8227,[0.12235185503959656]
8228,[0.11230826377868652]
8229,[0.24134501814842224]
8230,[0.878657341003418]
8233,[0.8877266645431519]
8248,[0.4959891438484192]
8249,[0.2813522517681122]
8255,[0.10295996069908142]
8260,[0.27051007747650146]
8263,[0.6073862314224243]
8265,[0.1712580919265747]
8268,[0.1529797613620758]
8269,[0.3488750755786896]
8272,[0.620088517665863]
8273,[0.3054494261741638]
8275,[0.27394384145736694]
8277,[0.13824376463890076]
8281,[0.6990509033203125]
8282,[0.21678131818771362]
8290,[0.7056654691696167]
8293,[0.8880575299263]
8299,[0.2672756314277649]
8302,[0.32160109281539917]
8303,[0.3719751238822937]
8305,[0.6029939651489258]
8306,[0.1847214698791504]
8307,[0.44048768281936646]
8308,[0.1614229381084442]
8313,[0.1673474907875061]
8316,[0.29983386397361755]
8319,[0.17147743701934814]
8322,[0.9873145222663879]
8323,[0.8979659080505371]
8325,[0.14202117919921875]
8326,[0.18696898221969604]
8327,[0.11459198594093323]
8328,[0.34547853469848633]
8331,[0.26917171478271484]
8333,[0.9913762807846069]
8336,[0.21039801836013794]
8338,[0.24342778325080872]
8340,[0.4718359410762787]
8342,[0.11102023720741272]
8343,[0.07268092036247253]
8353,[0.0685567855834961]
8354,[0.08980533480644226]
8357,[0.10812094807624817]
8358,[0.08098888397216797]
8359,[0.10133501887321472]
8373,[0.08248117566108704]
8376,[0.0860583484172821]
8379,[0.21916139125823975]
8380,[0.10767289996147156]
8381,[0.08585807681083679]
8384,[0.0843568742275238]
8395,[0.9013609290122986]
8398,[0.8883786201477051]
8403,[0.12145441770553589]
8407,[0.9021953344345093]
8413,[0.9087674021720886]
8417,[0.8889977335929871]
8420,[0.9140305519104004]
8421,[0.12212765216827393]
8424,[0.8997631669044495]
8426,[0.9059594869613647]
8427,[0.8825757503509521]
8438,[0.9054906368255615]
8439,[0.15754741430282593]
8442,[0.11340281367301941]
8449,[0.09486627578735352]
8456,[0.08279097080230713]
8460,[0.13291281461715698]
8462,[0.08123829960823059]
8465,[0.13231748342514038]
8466,[0.08908027410507202]
8467,[0.06342634558677673]
8469,[0.17812001705169678]
8470,[0.13389965891838074]
8474,[0.08461794257164001]
8479,[0.11984023451805115]
8481,[0.08890432119369507]
8482,[0.11222150921821594]
8485,[0.08029785752296448]
8488,[0.07892957329750061]
8492,[0.07947030663490295]
8493,[0.13011112809181213]
8495,[0.0829882025718689]
8499,[0.09994873404502869]
8501,[0.10102030634880066]
8519,[0.09538257122039795]
8521,[0.13556203246116638]
8525,[0.1780562400817871]
8527,[0.11580231785774231]
8529,[0.1419323980808258]
8532,[0.21187031269073486]
8534,[0.09504267573356628]
8535,[0.14818468689918518]
8537,[0.0985998809337616]
8544,[0.0946459174156189]
8548,[0.17835110425949097]
8549,[0.09875169396400452]
8552,[0.09517967700958252]
8554,[0.12208637595176697]
8563,[0.0851445198059082]
8564,[0.09883072972297668]
8565,[0.06960347294807434]
8566,[0.2431161105632782]
8568,[0.127366840839386]
8569,[0.08916333317756653]
8573,[0.09939774870872498]
8583,[0.09730643033981323]
8588,[0.08861815929412842]
8590,[0.0865776538848877]
8592,[0.7262541055679321]
8593,[0.21922141313552856]
8594,[0.951321542263031]
8597,[0.11288478970527649]
8600,[0.9387025833129883]
8601,[0.4990091621875763]
8602,[0.9492175579071045]
8603,[0.9361894130706787]
8604,[0.25984206795692444]
8605,[0.9584293365478516]
8611,[0.6792788505554199]
8614,[0.24345028400421143]
8616,[0.5280255675315857]
8617,[0.8986563682556152]
8619,[0.9849666357040405]
8626,[0.9579586982727051]
8629,[0.28919538855552673]
8630,[0.9641647338867188]
8632,[0.2784726619720459]
8634,[0.7906942367553711]
8641,[0.6959263682365417]
8645,[0.7711621522903442]
8649,[0.9576396942138672]
8652,[0.9800128936767578]
8666,[0.23530033230781555]
8671,[0.4363546073436737]
8672,[0.9252014756202698]
8675,[0.829918622970581]
8678,[0.9842438697814941]
8679,[0.893220067024231]
8682,[0.6750409007072449]
8687,[0.6850202679634094]
8701,[0.12980756163597107]
8703,[0.1257743537425995]
8707,[0.11008843779563904]
8713,[0.11518487334251404]
8716,[0.07985705137252808]
8719,[0.14257049560546875]
8725,[0.12873712182044983]
8730,[0.4289107620716095]
8731,[0.16442939639091492]
8748,[0.18195247650146484]
8749,[0.14897334575653076]
8756,[0.08595681190490723]
8764,[0.11441493034362793]
8765,[0.2186817228794098]
8769,[0.13183698058128357]
8771,[0.25043514370918274]
8772,[0.08441996574401855]
8773,[0.2683316469192505]
8779,[0.11163467168807983]
8792,[0.11726611852645874]
8794,[0.107331782579422]
8796,[0.2029229700565338]
8798,[0.2601982653141022]
8803,[0.09006845951080322]
8807,[0.14926481246948242]
8809,[0.0823792815208435]
8811,[0.13608208298683167]
8813,[0.1909007728099823]
8814,[0.10325172543525696]
8818,[0.22545164823532104]
8819,[0.13685032725334167]
8820,[0.7012121677398682]
8821,[0.12085196375846863]
8822,[0.07881045341491699]
8824,[0.109707772731781]
8826,[0.11644953489303589]
8827,[0.10777655243873596]
8828,[0.12970563769340515]
8833,[0.17859280109405518]
8834,[0.11225798726081848]
8845,[0.09558746218681335]
8847,[0.10679957270622253]
8849,[0.1212414801120758]
8861,[0.13116925954818726]
8867,[0.12756338715553284]
8868,[0.43310248851776123]
8870,[0.15589547157287598]
8873,[0.09840184450149536]
8874,[0.12345224618911743]
8876,[0.1423470675945282]
8877,[0.142261803150177]
8879,[0.7743394374847412]
8882,[0.07015019655227661]
8884,[0.10741662979125977]
8889,[0.10334396362304688]
8891,[0.07308277487754822]
8894,[0.7597832083702087]
8895,[0.17025485634803772]
8897,[0.20511522889137268]
8898,[0.8142026662826538]
8901,[0.14816439151763916]
8904,[0.8740344643592834]
8909,[0.14484626054763794]
8910,[0.8838049173355103]
8911,[0.14938443899154663]
8915,[0.18095192313194275]
8917,[0.2865534722805023]
8918,[0.19985222816467285]
8919,[0.2906780242919922]
8922,[0.26177117228507996]
8925,[0.8178703188896179]
8928,[0.11744251847267151]
8929,[0.3814297318458557]
8930,[0.340293288230896]
8932,[0.13749593496322632]
8937,[0.15791890025138855]
8940,[0.15335097908973694]
8943,[0.14003169536590576]
8950,[0.1351548135280609]
8951,[0.2737605571746826]
8954,[0.07333865761756897]
8958,[0.9835333824157715]
8960,[0.1444726586341858]
8964,[0.22750672698020935]
8975,[0.1359918713569641]
8977,[0.2573760747909546]
8981,[0.8963171243667603]
8982,[0.11107385158538818]
8984,[0.1191050112247467]
8988,[0.15180641412734985]
8990,[0.19348368048667908]
8991,[0.09883961081504822]
8995,[0.20699524879455566]
8997,[0.16584044694900513]
9003,[0.14339712262153625]
9004,[0.2359260618686676]
9010,[0.2668893337249756]
9011,[0.19094744324684143]
9013,[0.17552277445793152]
9014,[0.20160391926765442]
9015,[0.060029834508895874]
9017,[0.10032474994659424]
9019,[0.14001566171646118]
9021,[0.6904244422912598]
9024,[0.13019666075706482]
9032,[0.07795381546020508]
9035,[0.293373167514801]
9036,[0.4071078300476074]
9037,[0.1535828709602356]
9043,[0.7989414930343628]
9046,[0.7054102420806885]
9048,[0.764818549156189]
9049,[0.7916733026504517]
9050,[0.8821418285369873]
9056,[0.23987501859664917]
9063,[0.19023138284683228]
9065,[0.5880191326141357]
9066,[0.7306054830551147]
9068,[0.34144747257232666]
9069,[0.8387479186058044]
9070,[0.32358139753341675]
9073,[0.9161267280578613]
9076,[0.7813881635665894]
9091,[0.5779386758804321]
9092,[0.9085729718208313]
9104,[0.9830306172370911]
9105,[0.9485092163085938]
9108,[0.9485092163085938]
9111,[0.967499315738678]
9115,[0.9719251990318298]
9117,[0.9760514497756958]
9122,[0.9798315763473511]
9125,[0.9621142745018005]
9127,[0.9085729718208313]
9129,[0.9763938188552856]
9133,[0.9680196046829224]
9136,[0.9845019578933716]
9138,[0.9763938188552856]
9140,[0.9606835842132568]
9147,[0.9813541173934937]
9150,[0.9814490079879761]
9152,[0.9771485328674316]
9153,[0.9807637929916382]
9155,[0.9751521348953247]
9158,[0.9603581428527832]
9160,[0.9907852411270142]
9163,[0.9878060817718506]
9165,[0.988789439201355]
9167,[0.39023369550704956]
9168,[0.9762102365493774]
9170,[0.9883115291595459]
9176,[0.9870176315307617]
9178,[0.9579502940177917]
9184,[0.9868436455726624]
9186,[0.9894251823425293]
9188,[0.9881913661956787]
9189,[0.9584250450134277]
9190,[0.9848687648773193]
9196,[0.19786202907562256]
9198,[0.7871446013450623]
9199,[0.9903564453125]
9200,[0.9801170825958252]
9201,[0.22450783848762512]
9202,[0.9750045537948608]
9204,[0.8752492070198059]
9205,[0.9081343412399292]
9213,[0.9909499287605286]
9214,[0.980224609375]
9224,[0.967339277267456]
9227,[0.9547244310379028]
9228,[0.9905682802200317]
9229,[0.9647625684738159]
9234,[0.9959331154823303]
9236,[0.9758915901184082]
9241,[0.9386326670646667]
9243,[0.11454007029533386]
9245,[0.10222664475440979]
9256,[0.8030655384063721]
9258,[0.09379446506500244]
9261,[0.06807917356491089]
9274,[0.09749674797058105]
9279,[0.1420242190361023]
9282,[0.07293996214866638]
9284,[0.32644543051719666]
9285,[0.14156481623649597]
9291,[0.0715782642364502]
9295,[0.08485719561576843]
9299,[0.11990240216255188]
9302,[0.13561558723449707]
9304,[0.14594802260398865]
9305,[0.21413171291351318]
9306,[0.10775136947631836]
9310,[0.16053271293640137]
9312,[0.3658449351787567]
9316,[0.0992003083229065]
9318,[0.25726890563964844]
9323,[0.1540364921092987]
9326,[0.14400148391723633]
9327,[0.12734359502792358]
9328,[0.11722549796104431]
9331,[0.9173212051391602]
9335,[0.08283543586730957]
9336,[0.14369356632232666]
9340,[0.10632303357124329]
9349,[0.7649513483047485]
9352,[0.5908312201499939]
9353,[0.13709789514541626]
9354,[0.2610192894935608]
9356,[0.12788784503936768]
9357,[0.10700628161430359]
9358,[0.13485568761825562]
9359,[0.18609490990638733]
9364,[0.24451535940170288]
9366,[0.9980947971343994]
9369,[0.32875749468803406]
9370,[0.09865954518318176]
9379,[0.22518855333328247]
9381,[0.12619972229003906]
9383,[0.19927054643630981]
9389,[0.2581188678741455]
9390,[0.8116593360900879]
9392,[0.875939130783081]
9394,[0.7453675866127014]
9398,[0.8818066120147705]
9399,[0.8214166164398193]
9400,[0.09010159969329834]
9407,[0.994015097618103]
9409,[0.9204378128051758]
9412,[0.8346460461616516]
9413,[0.9565849304199219]
9415,[0.17477071285247803]
9419,[0.8077089786529541]
9423,[0.26257216930389404]
9424,[0.9349876642227173]
9426,[0.5924726128578186]
9427,[0.9884629845619202]
9428,[0.3074418008327484]
9429,[0.7294414639472961]
9433,[0.8697251081466675]
9437,[0.2327619194984436]
9440,[0.42583999037742615]
9442,[0.9113203287124634]
9443,[0.7541269063949585]
9444,[0.15160927176475525]
9447,[0.8812461495399475]
9459,[0.5927085280418396]
9461,[0.18230441212654114]
9462,[0.7593985795974731]
9464,[0.8682113289833069]
9473,[0.6253945827484131]
9475,[0.6341767311096191]
9476,[0.8828788995742798]
9477,[0.7446881532669067]
9478,[0.18998873233795166]
9479,[0.4988429546356201]
9483,[0.7553959488868713]
9487,[0.24666815996170044]
9494,[0.9789322018623352]
9497,[0.9807865619659424]
9498,[0.9921503663063049]
9506,[0.1519049108028412]
9512,[0.6283200979232788]
9514,[0.9894298315048218]
9515,[0.4070688486099243]
9516,[0.8765774965286255]
9517,[0.947303056716919]
9518,[0.12033510208129883]
9521,[0.6633138656616211]
9523,[0.8563289046287537]
9527,[0.48905426263809204]
9528,[0.41897308826446533]
9530,[0.19436606764793396]
9532,[0.36036956310272217]
9534,[0.6017162203788757]
9535,[0.09151017665863037]
9536,[0.993430495262146]
9543,[0.14671143889427185]
9544,[0.15309450030326843]
9545,[0.8266696333885193]
9546,[0.223677396774292]
9549,[0.629338264465332]
9558,[0.13755178451538086]
9560,[0.1093161404132843]
9561,[0.16777199506759644]
9570,[0.17929282784461975]
9573,[0.22180113196372986]
9578,[0.11856603622436523]
9584,[0.19620582461357117]
9587,[0.20059436559677124]
9588,[0.14045563340187073]
9599,[0.1126488745212555]
9601,[0.23598206043243408]
9604,[0.1618412435054779]
9614,[0.9683111906051636]
9615,[0.9498913288116455]
9621,[0.9602373838424683]
9622,[0.8669085502624512]
9623,[0.984548032283783]
9624,[0.5011680126190186]
9626,[0.9655241966247559]
9628,[0.9593316316604614]
9630,[0.18322473764419556]
9631,[0.9211821556091309]
9633,[0.984548032283783]
9635,[0.9525894522666931]
9637,[0.9255088567733765]
9641,[0.23992449045181274]
9647,[0.9292951822280884]
9648,[0.8938418626785278]
9649,[0.23669132590293884]
9658,[0.1674785614013672]
9662,[0.8998141288757324]
9668,[0.6614887118339539]
9671,[0.24671223759651184]
9676,[0.9702739715576172]
9677,[0.9627344608306885]
9679,[0.1235705316066742]
9682,[0.9611322283744812]
9685,[0.1354774832725525]
9689,[0.8189146518707275]
9692,[0.43399500846862793]
9693,[0.118161141872406]
9694,[0.1505473554134369]
9696,[0.14578595757484436]
9700,[0.12616395950317383]
9711,[0.9805302619934082]
9713,[0.18519023060798645]
9720,[0.3426778316497803]
9721,[0.9849464893341064]
9725,[0.26282525062561035]
9726,[0.7916057705879211]
9727,[0.2163078486919403]
9735,[0.17918339371681213]
9740,[0.9512674808502197]
9742,[0.9785885810852051]
9743,[0.14666324853897095]
9747,[0.9740279912948608]
9748,[0.9778176546096802]
9751,[0.9795030355453491]
9758,[0.10343268513679504]
9767,[0.2312556505203247]
9768,[0.17115116119384766]
9773,[0.20087990164756775]
9777,[0.6443300247192383]
9781,[0.14884287118911743]
9784,[0.10995185375213623]
9786,[0.14183279871940613]
9789,[0.24649909138679504]
9792,[0.07672137022018433]
9793,[0.16991594433784485]
9798,[0.6717373132705688]
9799,[0.19173356890678406]
9802,[0.15205496549606323]
9803,[0.3662446141242981]
9804,[0.07739892601966858]
9805,[0.1692146360874176]
9807,[0.15120702981948853]
9809,[0.24188056588172913]
9811,[0.46882498264312744]
9814,[0.6228599548339844]
9817,[0.12853124737739563]
9821,[0.8298355340957642]
9824,[0.2557365596294403]
9825,[0.41099661588668823]
9827,[0.5520556569099426]
9839,[0.9518768787384033]
9840,[0.1036379337310791]
9843,[0.14571347832679749]
9844,[0.33491384983062744]
9845,[0.2534787058830261]
9847,[0.21821197867393494]
9848,[0.5857400298118591]
9851,[0.26074346899986267]
9852,[0.8957562446594238]
9855,[0.8076436519622803]
9856,[0.18828600645065308]
9863,[0.09840396046638489]
9867,[0.09331732988357544]
9871,[0.10124000906944275]
9876,[0.4422914683818817]
9879,[0.06701582670211792]
9882,[0.3749139904975891]
9891,[0.09431508183479309]
9892,[0.1824662983417511]
9893,[0.15643081068992615]
9895,[0.19728800654411316]
9899,[0.15182122588157654]
9900,[0.08595287799835205]
9902,[0.11313903331756592]
9903,[0.13988986611366272]
9904,[0.0825396180152893]
9908,[0.14223787188529968]
9913,[0.11372449994087219]
9914,[0.9219964146614075]
9917,[0.11137914657592773]
9922,[0.910742998123169]
9924,[0.17700466513633728]
9926,[0.15074583888053894]
9927,[0.11069825291633606]
9928,[0.12196990847587585]
9929,[0.13940131664276123]
9936,[0.1287790834903717]
9939,[0.1451243758201599]
9947,[0.08130702376365662]
9951,[0.13909658789634705]
9954,[0.10771036148071289]
9956,[0.11829113960266113]
9957,[0.10673403739929199]
9959,[0.07267966866493225]
9962,[0.1426268219947815]
9964,[0.1558632254600525]
9966,[0.2534269094467163]
9968,[0.897872805595398]
9969,[0.9323610663414001]
9970,[0.9350477457046509]
9975,[0.21713417768478394]
9977,[0.5203988552093506]
9981,[0.09080764651298523]
9993,[0.3593868911266327]
9996,[0.6539291739463806]
9997,[0.9029850959777832]
9999,[0.900675356388092]
10002,[0.1321849822998047]
10007,[0.9877341985702515]
10015,[0.1657557189464569]
10019,[0.9127304553985596]
10022,[0.08094581961631775]
10024,[0.13607129454612732]
10026,[0.10903292894363403]
10033,[0.14220279455184937]
10043,[0.14014384150505066]
10046,[0.1007595956325531]
10051,[0.12559252977371216]
10053,[0.0994073748588562]
10062,[0.9506885409355164]
10063,[0.9579912424087524]
10065,[0.9660131335258484]
10068,[0.979421854019165]
10078,[0.5362884998321533]
10086,[0.9921655654907227]
10094,[0.7526862025260925]
10095,[0.970603883266449]
10096,[0.9287064075469971]
10097,[0.9954299926757812]
10103,[0.9512224793434143]
10104,[0.8718414306640625]
10108,[0.27514219284057617]
10122,[0.1226707398891449]
10123,[0.1733253300189972]
10128,[0.0992780327796936]
10131,[0.11652633547782898]
10133,[0.21847045421600342]
10134,[0.14240029454231262]
10135,[0.21193468570709229]
10145,[0.12400546669960022]
10148,[0.20074161887168884]
10154,[0.2755173146724701]
10155,[0.24130338430404663]
10158,[0.9791746139526367]
10160,[0.9927664995193481]
10161,[0.5636873245239258]
10162,[0.886165976524353]
10165,[0.9842573404312134]
10166,[0.982028603553772]
10167,[0.745647668838501]
10170,[0.922177255153656]
10178,[0.9436101317405701]
10180,[0.5671504735946655]
10181,[0.9183872938156128]
10185,[0.8605102300643921]
10188,[0.2258324921131134]
10190,[0.9021035432815552]
10196,[0.3259781301021576]
10200,[0.885459303855896]
10205,[0.9167304039001465]
10211,[0.21082791686058044]
10216,[0.2211015820503235]
10219,[0.7788987159729004]
10221,[0.19474440813064575]
10225,[0.2846880853176117]
10227,[0.2768762409687042]
10228,[0.1903301179409027]
10230,[0.2554180324077606]
10232,[0.7303935289382935]
10233,[0.9875749945640564]
10235,[0.2093178629875183]
10238,[0.890044093132019]
10240,[0.9099546074867249]
10242,[0.23148572444915771]
10248,[0.7974550724029541]
10254,[0.14021989703178406]
10257,[0.14694306254386902]
10261,[0.18306013941764832]
10262,[0.13872605562210083]
10266,[0.09714087843894958]
10267,[0.6767204999923706]
10271,[0.1528618335723877]
10277,[0.21447455883026123]
10279,[0.23960041999816895]
10281,[0.16333743929862976]
10282,[0.8807598948478699]
10285,[0.1459048092365265]
10292,[0.28430408239364624]
10298,[0.1009308397769928]
10300,[0.06966006755828857]
10309,[0.09607326984405518]
10311,[0.16229069232940674]
10312,[0.10669213533401489]
10319,[0.2303120195865631]
10324,[0.8658936023712158]
10326,[0.10053524374961853]
10328,[0.17917585372924805]
10343,[0.17715686559677124]
10346,[0.17916050553321838]
10347,[0.20623779296875]
10353,[0.11728382110595703]
10354,[0.8772915601730347]
10356,[0.8363244533538818]
10357,[0.2725507616996765]
10362,[0.2965759038925171]
10363,[0.5577707290649414]
10370,[0.9495126605033875]
10373,[0.16396626830101013]
10386,[0.19543063640594482]
10388,[0.13885712623596191]
10389,[0.1984388828277588]
10391,[0.9828846454620361]
10397,[0.06814789772033691]
10400,[0.12281358242034912]
10403,[0.11249345541000366]
10404,[0.936803936958313]
10408,[0.45460063219070435]
10417,[0.20196640491485596]
10425,[0.16303598880767822]
10435,[0.6751800179481506]
10437,[0.914298415184021]
10438,[0.9566130042076111]
10440,[0.16655147075653076]
10442,[0.13803920149803162]
10447,[0.81468665599823]
10452,[0.4746789336204529]
10453,[0.20120394229888916]
10454,[0.8762600421905518]
10459,[0.8161119222640991]
10460,[0.22299346327781677]
10463,[0.13375639915466309]
10465,[0.826341450214386]
10469,[0.7984452247619629]
10474,[0.25464943051338196]
10475,[0.9049846529960632]
10476,[0.7906840443611145]
10477,[0.30572038888931274]
10480,[0.7846422791481018]
10491,[0.17779389023780823]
10493,[0.8434605598449707]
10494,[0.9697376489639282]
10495,[0.15743154287338257]
10497,[0.8009883165359497]
10501,[0.899921178817749]
10504,[0.13586103916168213]
10507,[0.9295876026153564]
10509,[0.9837185144424438]
10510,[0.09979510307312012]
10512,[0.4315617084503174]
10514,[0.8425979018211365]
10526,[0.9690313339233398]
10528,[0.9151511192321777]
10530,[0.8671059012413025]
10531,[0.9345666766166687]
10532,[0.79475998878479]
10538,[0.8658072352409363]
10539,[0.17194995284080505]
10542,[0.25708991289138794]
10547,[0.21818044781684875]
10549,[0.39640605449676514]
10556,[0.5661509037017822]
10569,[0.19181200861930847]
10572,[0.19001322984695435]
10577,[0.3339160084724426]
10579,[0.16252458095550537]
10586,[0.9561352729797363]
10594,[0.9372916221618652]
10595,[0.9687280654907227]
10597,[0.25557321310043335]
10602,[0.9748361110687256]
10604,[0.9516496062278748]
10614,[0.3479563891887665]
10617,[0.16166526079177856]
10618,[0.9559598565101624]
10619,[0.9773838520050049]
10624,[0.9501485228538513]
10633,[0.9356598854064941]
10634,[0.958159327507019]
10635,[0.27360638976097107]
10638,[0.12299314141273499]
10639,[0.10711652040481567]
10642,[0.12582969665527344]
10643,[0.13618728518486023]
10645,[0.7176903486251831]
10646,[0.12027481198310852]
10649,[0.1574043333530426]
10652,[0.9947299957275391]
10653,[0.8004769682884216]
10654,[0.13691559433937073]
10661,[0.8295581340789795]
10664,[0.9881597757339478]
10668,[0.13687831163406372]
10670,[0.1730370819568634]
10674,[0.10094824433326721]
10683,[0.2151666283607483]
10694,[0.18313631415367126]
10697,[0.18633323907852173]
10699,[0.16752469539642334]
10701,[0.09893205761909485]
10703,[0.13442093133926392]
10713,[0.19363164901733398]
10714,[0.7348685264587402]
10716,[0.09504806995391846]
10717,[0.09189146757125854]
10719,[0.1891135275363922]
10725,[0.14423999190330505]
10728,[0.14402368664741516]
10734,[0.09755608439445496]
10738,[0.9503670930862427]
10740,[0.9875466227531433]
10742,[0.9515587091445923]
10756,[0.9854931235313416]
10757,[0.9133225679397583]
10758,[0.9503670930862427]
10761,[0.984795331954956]
10762,[0.9422959089279175]
10773,[0.9792488813400269]
10778,[0.9828700423240662]
10781,[0.9786040782928467]
10791,[0.09738293290138245]
10792,[0.25333863496780396]
10796,[0.18601444363594055]
10797,[0.14026182889938354]
10801,[0.07879585027694702]
10804,[0.12813368439674377]
10806,[0.13232487440109253]
10807,[0.09518072009086609]
10816,[0.1586017608642578]
10820,[0.11629930138587952]
10828,[0.1146087646484375]
10836,[0.9239786267280579]
10838,[0.987015962600708]
10845,[0.8576104640960693]
10856,[0.9559111595153809]
10857,[0.45797693729400635]
10858,[0.9975075721740723]
10861,[0.8702526688575745]
10865,[0.9340221285820007]
10868,[0.9220248460769653]
10874,[0.4219856560230255]
10875,[0.5080023407936096]
